<?xml version="1.0" encoding="UTF-8" standalone="yes"?>
<fitness>
    <users>
        <user>
            <userID>1</userID>
            <name>String</name>
            <weight>3.14159</weight>
            <height>3.14159</height>
            <imc>3.14159</imc>
            <favoriteExecises>
                <exerciseName>String</exerciseName>
                <description>String</description>
                <URLVideo>String</URLVideo>
                <duration>0</duration>
                <reps>0</reps>
                <calories>0</calories>
                <dificulty>0</dificulty>
                <date xmlns:xsi="http://www.w3.org/2001/XMLSchema-instance">text</date>
            </favoriteExecises>
            <favoriteExecises>
                <exerciseName>String</exerciseName>
                <description>String</description>
                <URLVideo>String</URLVideo>
                <duration>0</duration>
                <reps>0</reps>
                <calories>0</calories>
                <dificulty>0</dificulty>
                <date xmlns:xsi="http://www.w3.org/2001/XMLSchema-instance">text</date>
            </favoriteExecises>
            <favoriteExecises>
                <exerciseName>String</exerciseName>
                <description>String</description>
                <URLVideo>String</URLVideo>
                <duration>0</duration>
                <reps>0</reps>
                <calories>0</calories>
                <dificulty>0</dificulty>
                <date xmlns:xsi="http://www.w3.org/2001/XMLSchema-instance">text</date>
            </favoriteExecises>
            <asignedWorkouts>
                <workoutName>String</workoutName>
                <exercise>
                    <exerciseName>String</exerciseName>
                    <description>String</description>
                    <URLVideo>String</URLVideo>
                    <duration>0</duration>
                    <reps>0</reps>
                    <calories>0</calories>
                    <dificulty>0</dificulty>
                </exercise>
                <exercise>
                    <exerciseName>String</exerciseName>
                    <description>String</description>
                    <URLVideo>String</URLVideo>
                    <duration>0</duration>
                    <reps>0</reps>
                    <calories>0</calories>
                    <dificulty>0</dificulty>
                </exercise>
                <exercise>
                    <exerciseName>String</exerciseName>
                    <description>String</description>
                    <URLVideo>String</URLVideo>
                    <duration>0</duration>
                    <reps>0</reps>
                    <calories>0</calories>
                    <dificulty>0</dificulty>
                </exercise>
                <totalCalories>0</totalCalories>
                <difficulty>0</difficulty>
                <workoutDone>true</workoutDone>
            </asignedWorkouts>
            <asignedWorkouts>
                <workoutName>String</workoutName>
                <exercise>
                    <exerciseName>String</exerciseName>
                    <description>String</description>
                    <URLVideo>String</URLVideo>
                    <duration>0</duration>
                    <reps>0</reps>
                    <calories>0</calories>
                    <dificulty>0</dificulty>
                </exercise>
                <exercise>
                    <exerciseName>String</exerciseName>
                    <description>String</description>
                    <URLVideo>String</URLVideo>
                    <duration>0</duration>
                    <reps>0</reps>
                    <calories>0</calories>
                    <dificulty>0</dificulty>
                </exercise>
                <exercise>
                    <exerciseName>String</exerciseName>
                    <description>String</description>
                    <URLVideo>String</URLVideo>
                    <duration>0</duration>
                    <reps>0</reps>
                    <calories>0</calories>
                    <dificulty>0</dificulty>
                </exercise>
                <totalCalories>0</totalCalories>
                <difficulty>0</difficulty>
                <workoutDone>true</workoutDone>
            </asignedWorkouts>
            <asignedWorkouts>
                <workoutName>String</workoutName>
                <exercise>
                    <exerciseName>String</exerciseName>
                    <description>String</description>
                    <URLVideo>String</URLVideo>
                    <duration>0</duration>
                    <reps>0</reps>
                    <calories>0</calories>
                    <dificulty>0</dificulty>
                </exercise>
                <exercise>
                    <exerciseName>String</exerciseName>
                    <description>String</description>
                    <URLVideo>String</URLVideo>
                    <duration>0</duration>
                    <reps>0</reps>
                    <calories>0</calories>
                    <dificulty>0</dificulty>
                </exercise>
                <exercise>
                    <exerciseName>String</exerciseName>
                    <description>String</description>
                    <URLVideo>String</URLVideo>
                    <duration>0</duration>
                    <reps>0</reps>
                    <calories>0</calories>
                    <dificulty>0</dificulty>
                </exercise>
                <totalCalories>0</totalCalories>
                <difficulty>0</difficulty>
                <workoutDone>true</workoutDone>
            </asignedWorkouts>
        </user>
        <user>
            <userID>2</userID>
            <name>String</name>
            <weight>3.14159</weight>
            <height>3.14159</height>
            <imc>3.14159</imc>
            <favoriteExecises>
                <exerciseName>String</exerciseName>
                <description>String</description>
                <URLVideo>String</URLVideo>
                <duration>0</duration>
                <reps>0</reps>
                <calories>0</calories>
                <dificulty>0</dificulty>
                <date xmlns:xsi="http://www.w3.org/2001/XMLSchema-instance">text</date>
            </favoriteExecises>
            <favoriteExecises>
                <exerciseName>String</exerciseName>
                <description>String</description>
                <URLVideo>String</URLVideo>
                <duration>0</duration>
                <reps>0</reps>
                <calories>0</calories>
                <dificulty>0</dificulty>
                <date xmlns:xsi="http://www.w3.org/2001/XMLSchema-instance">text</date>
            </favoriteExecises>
            <favoriteExecises>
                <exerciseName>String</exerciseName>
                <description>String</description>
                <URLVideo>String</URLVideo>
                <duration>0</duration>
                <reps>0</reps>
                <calories>0</calories>
                <dificulty>0</dificulty>
                <date xmlns:xsi="http://www.w3.org/2001/XMLSchema-instance">text</date>
            </favoriteExecises>
            <asignedWorkouts>
                <workoutName>String</workoutName>
                <exercise>
                    <exerciseName>String</exerciseName>
                    <description>String</description>
                    <URLVideo>String</URLVideo>
                    <duration>0</duration>
                    <reps>0</reps>
                    <calories>0</calories>
                    <dificulty>0</dificulty>
                </exercise>
                <exercise>
                    <exerciseName>String</exerciseName>
                    <description>String</description>
                    <URLVideo>String</URLVideo>
                    <duration>0</duration>
                    <reps>0</reps>
                    <calories>0</calories>
                    <dificulty>0</dificulty>
                </exercise>
                <exercise>
                    <exerciseName>String</exerciseName>
                    <description>String</description>
                    <URLVideo>String</URLVideo>
                    <duration>0</duration>
                    <reps>0</reps>
                    <calories>0</calories>
                    <dificulty>0</dificulty>
                </exercise>
                <totalCalories>0</totalCalories>
                <difficulty>0</difficulty>
                <workoutDone>true</workoutDone>
            </asignedWorkouts>
            <asignedWorkouts>
                <workoutName>String</workoutName>
                <exercise>
                    <exerciseName>String</exerciseName>
                    <description>String</description>
                    <URLVideo>String</URLVideo>
                    <duration>0</duration>
                    <reps>0</reps>
                    <calories>0</calories>
                    <dificulty>0</dificulty>
                </exercise>
                <exercise>
                    <exerciseName>String</exerciseName>
                    <description>String</description>
                    <URLVideo>String</URLVideo>
                    <duration>0</duration>
                    <reps>0</reps>
                    <calories>0</calories>
                    <dificulty>0</dificulty>
                </exercise>
                <exercise>
                    <exerciseName>String</exerciseName>
                    <description>String</description>
                    <URLVideo>String</URLVideo>
                    <duration>0</duration>
                    <reps>0</reps>
                    <calories>0</calories>
                    <dificulty>0</dificulty>
                </exercise>
                <totalCalories>0</totalCalories>
                <difficulty>0</difficulty>
                <workoutDone>true</workoutDone>
            </asignedWorkouts>
            <asignedWorkouts>
                <workoutName>String</workoutName>
                <exercise>
                    <exerciseName>String</exerciseName>
                    <description>String</description>
                    <URLVideo>String</URLVideo>
                    <duration>0</duration>
                    <reps>0</reps>
                    <calories>0</calories>
                    <dificulty>0</dificulty>
                </exercise>
                <exercise>
                    <exerciseName>String</exerciseName>
                    <description>String</description>
                    <URLVideo>String</URLVideo>
                    <duration>0</duration>
                    <reps>0</reps>
                    <calories>0</calories>
                    <dificulty>0</dificulty>
                </exercise>
                <exercise>
                    <exerciseName>String</exerciseName>
                    <description>String</description>
                    <URLVideo>String</URLVideo>
                    <duration>0</duration>
                    <reps>0</reps>
                    <calories>0</calories>
                    <dificulty>0</dificulty>
                </exercise>
                <totalCalories>0</totalCalories>
                <difficulty>0</difficulty>
                <workoutDone>true</workoutDone>
            </asignedWorkouts>
        </user>
        <user>
            <userID>3</userID>
            <name>String</name>
            <weight>3.14159</weight>
            <height>3.14159</height>
            <imc>3.14159</imc>
            <favoriteExecises>
                <exerciseName>String</exerciseName>
                <description>String</description>
                <URLVideo>String</URLVideo>
                <duration>0</duration>
                <reps>0</reps>
                <calories>0</calories>
                <dificulty>0</dificulty>
                <date xmlns:xsi="http://www.w3.org/2001/XMLSchema-instance">text</date>
            </favoriteExecises>
            <favoriteExecises>
                <exerciseName>String</exerciseName>
                <description>String</description>
                <URLVideo>String</URLVideo>
                <duration>0</duration>
                <reps>0</reps>
                <calories>0</calories>
                <dificulty>0</dificulty>
                <date xmlns:xsi="http://www.w3.org/2001/XMLSchema-instance">text</date>
            </favoriteExecises>
            <favoriteExecises>
                <exerciseName>String</exerciseName>
                <description>String</description>
                <URLVideo>String</URLVideo>
                <duration>0</duration>
                <reps>0</reps>
                <calories>0</calories>
                <dificulty>0</dificulty>
                <date xmlns:xsi="http://www.w3.org/2001/XMLSchema-instance">text</date>
            </favoriteExecises>
            <asignedWorkouts>
                <workoutName>String</workoutName>
                <exercise>
                    <exerciseName>String</exerciseName>
                    <description>String</description>
                    <URLVideo>String</URLVideo>
                    <duration>0</duration>
                    <reps>0</reps>
                    <calories>0</calories>
                    <dificulty>0</dificulty>
                </exercise>
                <exercise>
                    <exerciseName>String</exerciseName>
                    <description>String</description>
                    <URLVideo>String</URLVideo>
                    <duration>0</duration>
                    <reps>0</reps>
                    <calories>0</calories>
                    <dificulty>0</dificulty>
                </exercise>
                <exercise>
                    <exerciseName>String</exerciseName>
                    <description>String</description>
                    <URLVideo>String</URLVideo>
                    <duration>0</duration>
                    <reps>0</reps>
                    <calories>0</calories>
                    <dificulty>0</dificulty>
                </exercise>
                <totalCalories>0</totalCalories>
                <difficulty>0</difficulty>
                <workoutDone>true</workoutDone>
            </asignedWorkouts>
            <asignedWorkouts>
                <workoutName>String</workoutName>
                <exercise>
                    <exerciseName>String</exerciseName>
                    <description>String</description>
                    <URLVideo>String</URLVideo>
                    <duration>0</duration>
                    <reps>0</reps>
                    <calories>0</calories>
                    <dificulty>0</dificulty>
                </exercise>
                <exercise>
                    <exerciseName>String</exerciseName>
                    <description>String</description>
                    <URLVideo>String</URLVideo>
                    <duration>0</duration>
                    <reps>0</reps>
                    <calories>0</calories>
                    <dificulty>0</dificulty>
                </exercise>
                <exercise>
                    <exerciseName>String</exerciseName>
                    <description>String</description>
                    <URLVideo>String</URLVideo>
                    <duration>0</duration>
                    <reps>0</reps>
                    <calories>0</calories>
                    <dificulty>0</dificulty>
                </exercise>
                <totalCalories>0</totalCalories>
                <difficulty>0</difficulty>
                <workoutDone>true</workoutDone>
            </asignedWorkouts>
            <asignedWorkouts>
                <workoutName>String</workoutName>
                <exercise>
                    <exerciseName>String</exerciseName>
                    <description>String</description>
                    <URLVideo>String</URLVideo>
                    <duration>0</duration>
                    <reps>0</reps>
                    <calories>0</calories>
                    <dificulty>0</dificulty>
                </exercise>
                <exercise>
                    <exerciseName>String</exerciseName>
                    <description>String</description>
                    <URLVideo>String</URLVideo>
                    <duration>0</duration>
                    <reps>0</reps>
                    <calories>0</calories>
                    <dificulty>0</dificulty>
                </exercise>
                <exercise>
                    <exerciseName>String</exerciseName>
                    <description>String</description>
                    <URLVideo>String</URLVideo>
                    <duration>0</duration>
                    <reps>0</reps>
                    <calories>0</calories>
                    <dificulty>0</dificulty>
                </exercise>
                <totalCalories>0</totalCalories>
                <difficulty>0</difficulty>
                <workoutDone>true</workoutDone>
            </asignedWorkouts>
        </user>
    </users>
    <workouts>
        <workout>
            <workoutName>String</workoutName>
            <exercise>
                <exerciseName>String</exerciseName>
                <description>String</description>
                <URLVideo>String</URLVideo>
                <duration>0</duration>
                <reps>0</reps>
                <calories>0</calories>
                <dificulty>0</dificulty>
            </exercise>
            <exercise>
                <exerciseName>String</exerciseName>
                <description>String</description>
                <URLVideo>String</URLVideo>
                <duration>0</duration>
                <reps>0</reps>
                <calories>0</calories>
                <dificulty>0</dificulty>
            </exercise>
            <exercise>
                <exerciseName>String</exerciseName>
                <description>String</description>
                <URLVideo>String</URLVideo>
                <duration>0</duration>
                <reps>0</reps>
                <calories>0</calories>
                <dificulty>0</dificulty>
            </exercise>
            <totalCalories>0</totalCalories>
            <difficulty>0</difficulty>
        </workout>
        <workout>
            <workoutName>String</workoutName>
            <exercise>
                <exerciseName>String</exerciseName>
                <description>String</description>
                <URLVideo>String</URLVideo>
                <duration>0</duration>
                <reps>0</reps>
                <calories>0</calories>
                <dificulty>0</dificulty>
            </exercise>
            <exercise>
                <exerciseName>String</exerciseName>
                <description>String</description>
                <URLVideo>String</URLVideo>
                <duration>0</duration>
                <reps>0</reps>
                <calories>0</calories>
                <dificulty>0</dificulty>
            </exercise>
            <exercise>
                <exerciseName>String</exerciseName>
                <description>String</description>
                <URLVideo>String</URLVideo>
                <duration>0</duration>
                <reps>0</reps>
                <calories>0</calories>
                <dificulty>0</dificulty>
            </exercise>
            <totalCalories>0</totalCalories>
            <difficulty>0</difficulty>
        </workout>
        <workout>
            <workoutName>String</workoutName>
            <exercise>
                <exerciseName>String</exerciseName>
                <description>String</description>
                <URLVideo>String</URLVideo>
                <duration>0</duration>
                <reps>0</reps>
                <calories>0</calories>
                <dificulty>0</dificulty>
            </exercise>
            <exercise>
                <exerciseName>String</exerciseName>
                <description>String</description>
                <URLVideo>String</URLVideo>
                <duration>0</duration>
                <reps>0</reps>
                <calories>0</calories>
                <dificulty>0</dificulty>
            </exercise>
            <exercise>
                <exerciseName>String</exerciseName>
                <description>String</description>
                <URLVideo>String</URLVideo>
                <duration>0</duration>
                <reps>0</reps>
                <calories>0</calories>
                <dificulty>0</dificulty>
            </exercise>
            <totalCalories>0</totalCalories>
            <difficulty>0</difficulty>
        </workout>
    </workouts>
</fitness>
