<?xml version="1.0" encoding="UTF-8" standalone="yes"?>
<pedido>
    <facturarA pais="España">
        <nombre> El Corte Ingles </nombre>
        <calle>Avda Segadas 26</calle>
        <ciudad>Oviedo</ciudad>
        <provincia>Asturias</provincia>
        <codigoPostal>33006</codigoPostal>
    </facturarA>
    <comentario>Lineas de pedido</comentario>
    <articulos>
        <articulo codigo="123-AA">
            <nombreProducto>Lampara</nombreProducto>
            <cantidad>2</cantidad>
            <precio>3.8</precio>
            <comentario>Lámpara de pie rojo</comentario>
            <fechaEnvio>2012-09-01</fechaEnvio>
        </articulo>
        <articulo codigo="1111">
            <nombreProducto>ARTICULO_PRUEBA</nombreProducto>
            <cantidad>3</cantidad>
            <precio>2</precio>
            <comentario>1111</comentario>
            <fechaEnvio>2020-02-10</fechaEnvio>
        </articulo>
    </articulos>
</pedido>
