﻿<?xml version="1.0" encoding="UTF-8"?>
<clientes>
	<cliente>
		<apellido>String</apellido>
		<apellido>String</apellido>
		<direccion>
			<calle>String</calle>
			<numero>String</numero>
			<piso>0</piso>
			<escalera>c</escalera>
			<cp>0</cp>
			<ciudad>String</ciudad>
		</direccion>
		<direccion>
			<calle>String</calle>
			<numero>String</numero>
			<piso>0</piso>
			<escalera>a</escalera>
			<cp>0</cp>
			<ciudad>String</ciudad>
		</direccion>
		<telefono>String</telefono>
		<nombre/>
	</cliente>
	<cliente>
		<apellido>Chapuli</apellido>
		<apellido>García</apellido>
		<direccion>
			<calle>String</calle>
			<numero>String</numero>
			<piso>0</piso>
			<escalera>a</escalera>
			<cp>33006</cp>
			<ciudad>String</ciudad>
		</direccion>
		<direccion>
			<calle>String</calle>
			<numero>String</numero>
			<piso>0</piso>
			<escalera>c</escalera>
			<cp>33006</cp>
			<ciudad>String</ciudad>
		</direccion>
		<direccion>
			<calle>String</calle>
			<numero>String</numero>
			<piso>0</piso>
			<escalera>c</escalera>
			<cp>33006</cp>
			<ciudad>String</ciudad>
		</direccion>
		<telefono>String</telefono>
		<nombre/>
	</cliente>
	<cliente>
		<apellido>String</apellido>
		<apellido>String</apellido>
		<direccion>
			<calle>String</calle>
			<numero>String</numero>
			<piso>0</piso>
			<escalera>a</escalera>
			<cp>0</cp>
			<ciudad>String</ciudad>
		</direccion>
		<direccion>
			<calle>String</calle>
			<numero>String</numero>
			<piso>0</piso>
			<escalera>c</escalera>
			<cp>0</cp>
			<ciudad>String</ciudad>
		</direccion>
		<direccion>
			<calle>String</calle>
			<numero>String</numero>
			<piso>0</piso>
			<escalera>c</escalera>
			<cp>0</cp>
			<ciudad>String</ciudad>
		</direccion>
		<telefono>String</telefono>
		<nombre/>
	</cliente>
</clientes>