<?xml version="1.0" encoding="UTF-8"?>
<agenda xsi:noNamespaceSchemaLocation="esquemaAgenda%20copia.xsd" xmlns:xsi="http://www.w3.org/2001/XMLSchema-instance">
	<alarmas>
		<alarma prioridad="2" tono="String">
			<diaHora>
				<dia>
					<dia>20</dia>
					<mes>10</mes>
					<año>1900</año>
				</dia>
				<hora>
					<hora>0</hora>
					<minuto>0</minuto>
					<segundo>0.0</segundo>
				</hora>
			</diaHora>
			<asunto>String</asunto>
		</alarma>
		<alarma prioridad="1" tono="String">
			<diaHora>
				<dia>
					<dia>0</dia>
					<mes>0</mes>
					<año>0</año>
				</dia>
				<hora>
					<hora>0</hora>
					<minuto>0</minuto>
					<segundo>0.0</segundo>
				</hora>
			</diaHora>
			<asunto>String</asunto>
		</alarma>
	</alarmas>
	<correos>
		<correo EntradaoSalida="Entrada">
			<remitente>Pepe</remitente>
			<destinatario>String</destinatario>
			<destinatario>String</destinatario>
			<asunto>String</asunto>
			<imagenes extension="String">String</imagenes>
			<imagenes extension="String">String</imagenes>
		</correo>
		<correo EntradaoSalida="Entrada">
			<remitente>Jacinta</remitente>
			<destinatario>String</destinatario>
			<destinatario>String</destinatario>
			<asunto>String</asunto>
			<imagenes extension="String">String</imagenes>
			<imagenes extension="String">String</imagenes>
		</correo>
		<correo EntradaoSalida="Salida">
			<remitente>Josefa</remitente>
			<destinatario>String</destinatario>
			<destinatario>String</destinatario>
			<asunto>String</asunto>
			<imagenes extension="String">String</imagenes>
			<imagenes extension="String">String</imagenes>
		</correo>
	</correos>
	<contactos>
		<contacto>
			<nombre idioma="EN" empresaSiNo="NO">PEPE</nombre>
			<telefono>000 000 000</telefono>
			<telefono>000 000 000</telefono>
		</contacto>
		<contacto>
			<nombre idioma="ES" empresaSiNo="NO">String</nombre>
			<telefono>000 000 000</telefono>
			<telefono>000 000 000</telefono>
		</contacto>
	</contactos>
</agenda>
