﻿<?xml version="1.0" encoding="UTF-8"?>
<clientes>
	<cliente>
		<apellido>Garcia</apellido>
		<apellido>Torre</apellido>
		<direccion>
			<calle>String</calle>
			<numero>String</numero>
			<piso>0</piso>
			<escalera>c</escalera>
			<cp>33930</cp>
			<ciudad>String</ciudad>
		</direccion>
		<direccion>
			<calle>String</calle>
			<numero>String</numero>
			<piso>0</piso>
			<escalera>a</escalera>
			<cp>33931</cp>
			<ciudad>String</ciudad>
		</direccion>
		<telefono>String</telefono>
		<nombre/>
	</cliente>
	<cliente>
		<apellido>String</apellido>
		<apellido>String</apellido>
		<direccion>
			<calle>String</calle>
			<numero>String</numero>
			<piso>0</piso>
			<escalera>a</escalera>
			<cp>33932</cp>
			<ciudad>String</ciudad>
		</direccion>
		<direccion>
			<calle>String</calle>
			<numero>String</numero>
			<piso>0</piso>
			<escalera>c</escalera>
			<cp>33933</cp>
			<ciudad>String</ciudad>
		</direccion>
		<direccion>
			<calle>String</calle>
			<numero>String</numero>
			<piso>0</piso>
			<escalera>c</escalera>
			<cp>33934</cp>
			<ciudad>String</ciudad>
		</direccion>
		<telefono>String</telefono>
		<nombre/>
	</cliente>
	<cliente>
		<apellido>String</apellido>
		<apellido>String</apellido>
		<direccion>
			<calle>String</calle>
			<numero>String</numero>
			<piso>0</piso>
			<escalera>a</escalera>
			<cp>33935</cp>
			<ciudad>String</ciudad>
		</direccion>
		<direccion>
			<calle>String</calle>
			<numero>String</numero>
			<piso>0</piso>
			<escalera>c</escalera>
			<cp>33936</cp>
			<ciudad>String</ciudad>
		</direccion>
		<direccion>
			<calle>String</calle>
			<numero>String</numero>
			<piso>0</piso>
			<escalera>c</escalera>
			<cp>33937</cp>
			<ciudad>String</ciudad>
		</direccion>
		<telefono>String</telefono>
		<nombre/>
	</cliente>
</clientes>