<?xml version="1.0" encoding="UTF-8"?>
<diccionarioEspanol xsi:noNamespaceSchemaLocation="diccionario.xsd" xmlns:xsi="http://www.w3.org/2001/XMLSchema-instance">
	<palabra>
		<grafia>ALGO</grafia>
		<fonetica>String</fonetica>
		<definicion>definicion1</definicion>
		<definicion>definicion2</definicion>
		<definicion>definicion3</definicion>
		<fechaInsercion>1967-08-13</fechaInsercion>
		<traducciones>
			<traduccion>
				<idiomaTraduccion>String</idiomaTraduccion>
				<grafia>String</grafia>
				<fonetica>String</fonetica>
			</traduccion>
			<traduccion>
				<idiomaTraduccion>String</idiomaTraduccion>
				<grafia>String</grafia>
				<fonetica>String</fonetica>
			</traduccion>
			<traduccion>
				<idiomaTraduccion>String</idiomaTraduccion>
				<grafia>String</grafia>
				<fonetica>String</fonetica>
			</traduccion>
		</traducciones>
		<sinonimos>
			<sinonimo>
				<grafia>sinonimo1</grafia>
			</sinonimo>
			<sinonimo>
				<grafia>sinonimo2</grafia>
			</sinonimo>
			<sinonimo>
				<grafia>sinonimo3</grafia>
			</sinonimo>
		</sinonimos>
	</palabra>
	<palabra>
		<grafia>String</grafia>
		<fonetica>String</fonetica>
		<definicion>String</definicion>
		<definicion>String</definicion>
		<definicion>String</definicion>
		<fechaInsercion>1967-08-13</fechaInsercion>
		<traducciones>
			<traduccion>
				<idiomaTraduccion>String</idiomaTraduccion>
				<grafia>String</grafia>
				<fonetica>String</fonetica>
			</traduccion>
			<traduccion>
				<idiomaTraduccion>String</idiomaTraduccion>
				<grafia>String</grafia>
				<fonetica>String</fonetica>
			</traduccion>
			<traduccion>
				<idiomaTraduccion>String</idiomaTraduccion>
				<grafia>String</grafia>
				<fonetica>String</fonetica>
			</traduccion>
		</traducciones>
		<sinonimos>
			<sinonimo>
				<grafia>String</grafia>
			</sinonimo>
			<sinonimo>
				<grafia>String</grafia>
			</sinonimo>
			<sinonimo>
				<grafia>String</grafia>
			</sinonimo>
		</sinonimos>
	</palabra>
	<palabra>
		<grafia>String</grafia>
		<fonetica>String</fonetica>
		<definicion>String</definicion>
		<definicion>String</definicion>
		<definicion>String</definicion>
		<fechaInsercion>1967-08-13</fechaInsercion>
		<traducciones>
			<traduccion>
				<idiomaTraduccion>String</idiomaTraduccion>
				<grafia>String</grafia>
				<fonetica>String</fonetica>
			</traduccion>
			<traduccion>
				<idiomaTraduccion>String</idiomaTraduccion>
				<grafia>String</grafia>
				<fonetica>String</fonetica>
			</traduccion>
			<traduccion>
				<idiomaTraduccion>String</idiomaTraduccion>
				<grafia>String</grafia>
				<fonetica>String</fonetica>
			</traduccion>
		</traducciones>
		<sinonimos>
			<sinonimo>
				<grafia>String</grafia>
			</sinonimo>
			<sinonimo>
				<grafia>String</grafia>
			</sinonimo>
			<sinonimo>
				<grafia>String</grafia>
			</sinonimo>
		</sinonimos>
	</palabra>
</diccionarioEspanol>
