2019-01-01*1212E*ASTURIAS AEROPUERTO*ASTURIAS*127*5,7*0,0*1,5*04:58*9,9*13:30*13*4,7*8,9*10:44*2,1*1020,2*Varias*1016,8*01
2019-01-02*1212E*ASTURIAS AEROPUERTO*ASTURIAS*127*7,9*0,0*6,0*23:49*9,8*Varias*99*4,2*12,8*19:18*0,0*1021,0*Varias*1017,5*24
2019-01-03*1212E*ASTURIAS AEROPUERTO*ASTURIAS*127*6,1*0,0*1,7*23:55*10,5*13:40*99*5,3*10,8*Varias*7,9*1017,5*00*1014,5*14
2019-01-04*1212E*ASTURIAS AEROPUERTO*ASTURIAS*127*4,9*0,0*-1,4*06:04*11,2*14:12*99*3,9*8,3*Varias*8,6*1019,4*Varias*1015,1*05
2019-01-05*1212E*ASTURIAS AEROPUERTO*ASTURIAS*127*6,1*0,0*0,0*01:44*12,2*14:33*99*3,3*7,2*Varias*8,6*1021,6*Varias*1019,0*05
2019-01-06*1212E*ASTURIAS AEROPUERTO*ASTURIAS*127*5,0*0,0*-1,0*08:10*11,0*13:38*11*3,9*9,2*16:34*8,3*1021,6*Varias*1019,6*14
2019-01-07*1212E*ASTURIAS AEROPUERTO*ASTURIAS*127*4,9*0,0*-0,2*02:04*10,0*13:16*10*5,0*11,4*Varias*8,3*1022,0*Varias*1019,6*14
2019-01-08*1212E*ASTURIAS AEROPUERTO*ASTURIAS*127*6,2*0,0*0,9*06:53*11,6*13:00*99*2,8*7,8*Varias*5,8*1020,5*Varias*1017,3*24
2019-01-09*1212E*ASTURIAS AEROPUERTO*ASTURIAS*127*7,6*0,5*5,1*23:30*10,2*15:30*21*2,5*9,2*01:59*0,0*1017,3*00*1011,7*24
2019-01-10*1212E*ASTURIAS AEROPUERTO*ASTURIAS*127*6,0*0,0*2,2*22:12*9,9*14:28*08*4,2*10,8*14:41*2,4*1014,8*Varias*1010,7*05
2019-01-11*1212E*ASTURIAS AEROPUERTO*ASTURIAS*127*4,8*0,0*0,7*04:27*8,9*12:59*99*1,9*8,3*Varias*0,0*1018,7*Varias*1014,5*01
2019-01-12*1212E*ASTURIAS AEROPUERTO*ASTURIAS*127*6,0*0,0*2,1*02:34*9,8*14:29*17*2,8*8,9*11:06*0,0*1020,0*Varias*1017,5*07
2019-01-13*1212E*ASTURIAS AEROPUERTO*ASTURIAS*127*9,4*0,0*5,6*07:35*13,1*14:19*22*4,4*10,3*07:23*5,1*1019,0*00*1014,5*24
2019-01-14*1212E*ASTURIAS AEROPUERTO*ASTURIAS*127*8,1*0,0*4,1*23:04*12,1*13:49*19*2,8*8,3*06:37*0,2*1014,5*00*1009,5*24
2019-01-15*1212E*ASTURIAS AEROPUERTO*ASTURIAS*127*8,0*0,0*3,4*05:56*12,6*13:13*12*3,3*8,3*12:04*6,8*1009,5*00*1002,4*24
2019-01-16*1212E*ASTURIAS AEROPUERTO*ASTURIAS*127*8,3*8,5*3,3*03:41*13,3*14:15*29*3,6*12,8*19:01*2,2*1004,2*Varias*1000,0*14
2019-01-17*1212E*ASTURIAS AEROPUERTO*ASTURIAS*127*8,1*0,5*5,6*22:10*10,6*11:59*33*2,8*10,3*01:15*3,3*1007,7*Varias*1004,2*00
2019-01-18*1212E*ASTURIAS AEROPUERTO*ASTURIAS*127*8,4*1,2*5,5*Varias*11,4*14:48*30*4,2*13,3*18:31*0,2*1007,1*00*1000,1*17
2019-01-19*1212E*ASTURIAS AEROPUERTO*ASTURIAS*127*8,8*39,2*7,3*06:41*10,3*23:31*13*3,1*8,9*12:17*0,0*1000,9*00*989,3*16
2019-01-20*1212E*ASTURIAS AEROPUERTO*ASTURIAS*127*10,2*8,0*8,1*23:41*12,2*11:40*30*3,1*10,3*06:02*2,3*1008,2*Varias*997,6*00
2019-01-21*1212E*ASTURIAS AEROPUERTO*ASTURIAS*127*9,0*0,4*6,1*21:04*11,8*14:26*35*1,9*7,8*01:52*5,5*1011,0*Varias*1007,5*24
2019-01-22*1212E*ASTURIAS AEROPUERTO*ASTURIAS*127*8,7*58,0*6,9*08:10*10,5*22:30*31*7,8*20,0*21:20*0,0*1007,5*00*996,7*24
2019-01-23*1212E*ASTURIAS AEROPUERTO*ASTURIAS*127*10,6*16,7*9,7*00:00*11,4*Varias*28*7,5*26,7*02:34*0,0*1000,1*Varias*995,0*04
2019-01-24*1212E*ASTURIAS AEROPUERTO*ASTURIAS*127*11,0*14,8*10,2*23:59*11,7*Varias*30*4,4*15,0*00:40*0,0****
2019-01-25*1212E*ASTURIAS AEROPUERTO*ASTURIAS*127*10,3*0,8*8,2*23:53*12,4*12:25*28*1,7*6,7*06:38*1,0*1010,3*Varias*1007,3*02
2019-01-26*1212E*ASTURIAS AEROPUERTO*ASTURIAS*127*9,1*4,9*6,0*07:35*12,2*12:38*30*3,3*18,6*23:55*9,2*1009,1*00*999,6*23
2019-01-27*1212E*ASTURIAS AEROPUERTO*ASTURIAS*127*9,2*5,7*7,5*08:59*11,0*12:12*27*8,1*24,2*02:44*1,9*1006,5*17*1000,2*01
2019-01-28*1212E*ASTURIAS AEROPUERTO*ASTURIAS*127*9,8*3,8*8,3*23:54*11,3*11:47*99*7,5*18,6*03:05*0,3*1006,5*Varias*1002,3*06
2019-01-29*1212E*ASTURIAS AEROPUERTO*ASTURIAS*127*9,5*8,4*6,3*23:05*12,7*10:50*28*11,1*25,8*11:39*0,8*1003,8*00*992,0*11
2019-01-30*1212E*ASTURIAS AEROPUERTO*ASTURIAS*127*9,1*21,0*5,9*06:46*12,3*12:07*28*5,0*15,0*01:14*3,0*999,3*00*981,5*24
2019-01-31*1212E*ASTURIAS AEROPUERTO*ASTURIAS*127*12,0*12,6*8,7*22:43*15,2*11:26*28*7,2*18,1*16:28*0,1*981,5*00*974,7*24
2019-02-01*1212E*ASTURIAS AEROPUERTO*ASTURIAS*127*7,2*13,5*4,4*08:42*10,1*00:34*28*6,9*22,8*05:33*1,5*987,2*24*969,0*08
2019-02-02*1212E*ASTURIAS AEROPUERTO*ASTURIAS*127**1,6*********0,5****
2019-02-03*1212E*ASTURIAS AEROPUERTO*ASTURIAS*127*7,0*0,0*2,6*05:15*11,3*14:27*99*3,1*7,8*Varias*8,1*1015,7*Varias*1010,2*00
2019-02-04*1212E*ASTURIAS AEROPUERTO*ASTURIAS*127*8,6*0,0*3,4*04:00*13,9*14:33*99*4,2*8,9*Varias*0,0*1013,3*00*1010,7*15
2019-02-05*1212E*ASTURIAS AEROPUERTO*ASTURIAS*127*12,0*0,0*8,0*19:47*15,9*12:53*99*2,5*7,2*Varias*9,3*1014,4*Varias*1012,2*04
2019-02-06*1212E*ASTURIAS AEROPUERTO*ASTURIAS*127*9,8*1,4*6,4*07:54*13,1*12:26*21*2,8*7,8*05:41*6,0*1012,3*00*1005,9*17
2019-02-07*1212E*ASTURIAS AEROPUERTO*ASTURIAS*127*9,4*0,2*5,8*22:53*13,0*13:57*29*4,4*12,8*01:55*6,7*1010,4*Varias*1007,0*04
2019-02-08*1212E*ASTURIAS AEROPUERTO*ASTURIAS*127*10,1*0,0*3,4*06:51*16,8*13:41*28*5,0*16,1*16:25*5,9*1007,2*00*1000,5*15
2019-02-09*1212E*ASTURIAS AEROPUERTO*ASTURIAS*127*13,3*5,2*9,2*08:06*17,4*11:58*23*2,5*16,1*21:56*2,8*1003,6*Varias*996,2*23
2019-02-10*1212E*ASTURIAS AEROPUERTO*ASTURIAS*127*11,5*3,7*6,7*22:04*16,3*04:50*23*7,8*29,2*04:41*2,0*1013,2*Varias*992,3*05
2019-02-11*1212E*ASTURIAS AEROPUERTO*ASTURIAS*127*8,6*0,0*4,4*22:13*12,8*12:21*19*2,8*8,3*08:33*8,6*1018,5*20*1013,1*00
2019-02-12*1212E*ASTURIAS AEROPUERTO*ASTURIAS*127*8,6*0,0*3,2*00:59*13,9*13:12*99*4,4*7,8*Varias*10,0*1017,5*Varias*1014,4*Varias
2019-02-13*1212E*ASTURIAS AEROPUERTO*ASTURIAS*127*9,6*0,0*3,8*00:01*15,5*14:53*22*2,5*8,3*06:38*10,0*1014,4*00*1012,2*24
2019-02-14*1212E*ASTURIAS AEROPUERTO*ASTURIAS*127*11,8*0,0*6,0*06:07*17,6*15:41*24*3,1*10,3*08:04*10,0*1012,2*00*1007,6*17
2019-02-15*1212E*ASTURIAS AEROPUERTO*ASTURIAS*127*13,9*0,0*9,1*23:59*18,7*12:56*21*2,5*10,3*06:50*9,2*1011,5*Varias*1008,0*04
2019-02-16*1212E*ASTURIAS AEROPUERTO*ASTURIAS*127*13,6*0,0*7,0*07:13*20,1*16:14*99*2,8*8,9*Varias*10,2*1011,4*00*1003,2*18
2019-02-17*1212E*ASTURIAS AEROPUERTO*ASTURIAS*127*12,2*2,3*7,9*00:26*16,6*12:49*20*2,2*10,8*08:08*5,5*1004,3*00*1002,2*15
2019-02-18*1212E*ASTURIAS AEROPUERTO*ASTURIAS*127*8,4*20,4*6,3*23:33*10,5*00:46*28*2,8*9,7*13:53*0,0*1007,4*Varias*1002,4*04
2019-02-19*1212E*ASTURIAS AEROPUERTO*ASTURIAS*127*7,6*0,0*3,5*07:21*11,8*Varias*22*3,3*10,3*09:05*9,1*1007,3*00*1003,8*17
2019-02-20*1212E*ASTURIAS AEROPUERTO*ASTURIAS*127*9,0*0,0*4,4*Varias*13,7*12:07*22*3,3*8,9*08:10*9,4*1008,1*Varias*1004,0*04
2019-02-21*1212E*ASTURIAS AEROPUERTO*ASTURIAS*127*12,9*0,0*6,5*05:03*19,3*13:15*99*4,7*8,9*Varias*9,6*1012,2*Varias*1007,7*04
2019-02-22*1212E*ASTURIAS AEROPUERTO*ASTURIAS*127*13,7*0,0*9,4*05:41*18,0*11:29*19*3,3*10,3*08:07*9,7*1013,2*Varias*1011,1*17
2019-02-23*1212E*ASTURIAS AEROPUERTO*ASTURIAS*127*13,8*0,0*8,3*23:53*19,3*13:06*23*3,9*8,9*01:32*4,5*1016,8*Varias*1011,9*00
2019-02-24*1212E*ASTURIAS AEROPUERTO*ASTURIAS*127*12,4*0,0*6,2*00:52*18,5*12:26*23*3,3*9,2*08:06*9,2*1015,6*00*1013,0*04
2019-02-25*1212E*ASTURIAS AEROPUERTO*ASTURIAS*127*13,4*0,0*6,7*22:22*20,0*12:22*19*0,6*9,2*06:37*9,4*1015,4*00*1012,9*24
2019-02-26*1212E*ASTURIAS AEROPUERTO*ASTURIAS*127*15,4*0,0*8,7*06:32*22,2*15:37*20*3,9*8,3*08:32*9,2*1012,9*00*1008,2*16
2019-02-27*1212E*ASTURIAS AEROPUERTO*ASTURIAS*127*13,3*0,0*8,4*07:06*18,2*15:02*99*2,5*8,3*Varias*8,7*1014,9*Varias*1007,3*04
2019-02-28*1212E*ASTURIAS AEROPUERTO*ASTURIAS*127*11,3*0,0*6,6*05:49*16,0*Varias*99*2,2*6,1*Varias*9,0*1017,1*12*1013,9*24
2019-03-01*1212E*ASTURIAS AEROPUERTO*ASTURIAS*127*10,8*0,0*6,9*07:01*14,6*13:13*99*2,8*7,8*Varias*5,5*1013,9*00*1009,2*15
2019-03-02*1212E*ASTURIAS AEROPUERTO*ASTURIAS*127*13,3*0,0*8,5*03:20*18,1*12:49*29*1,7*8,9*08:37*8,2*1011,0*Varias*1005,3*24
2019-03-03*1212E*ASTURIAS AEROPUERTO*ASTURIAS*127*16,5*0,1*7,7*04:14*25,3*15:22*25*5,6*20,0*22:13*4,3*1005,3*00*992,9*18
2019-03-04*1212E*ASTURIAS AEROPUERTO*ASTURIAS*127*12,2*0,0*9,0*22:20*15,3*00:06*24*6,1*22,8*00:02*4,1*1002,6*Varias*996,6*00
2019-03-05*1212E*ASTURIAS AEROPUERTO*ASTURIAS*127*12,6*0,1*5,6*06:13*19,6*14:09*99*3,1*8,3*Varias*5,2*1001,2*00*983,6*24
2019-03-06*1212E*ASTURIAS AEROPUERTO*ASTURIAS*127*12,0*8,3*7,7*19:07*16,3*14:02*28*9,4*28,9*17:23*1,8*995,6*Varias*978,6*15
2019-03-07*1212E*ASTURIAS AEROPUERTO*ASTURIAS*127*11,8*6,8*6,9*02:18*16,8*12:51*30*3,3*13,9*22:35*3,4*1002,8*Varias*994,6*14
2019-03-08*1212E*ASTURIAS AEROPUERTO*ASTURIAS*127*10,2*Ip*6,6*06:01*13,8*23:57*30*1,9*9,7*00:55*1,4*1011,7*Varias*1002,8*00
2019-03-09*1212E*ASTURIAS AEROPUERTO*ASTURIAS*127*15,4*0,0*10,4*21:44*20,3*11:05*22*2,8*9,7*11:02*7,5*1014,9*Varias*1011,6*00
2019-03-10*1212E*ASTURIAS AEROPUERTO*ASTURIAS*127*12,8*1,9*9,3*00:50*16,4*09:37*28*3,6*12,5*03:35*0,2*1019,4*Varias*1012,8*01
2019-03-11*1212E*ASTURIAS AEROPUERTO*ASTURIAS*127*10,1*0,0*6,4*21:10*13,8*14:14*10*3,6*9,7*15:34*6,5*1020,3*Varias*1011,7*24
2019-03-12*1212E*ASTURIAS AEROPUERTO*ASTURIAS*127*12,4*11,4*5,8*Varias*19,1*13:46*31*6,1*20,6*11:59*5,5*1014,6*Varias*1006,3*14
2019-03-13*1212E*ASTURIAS AEROPUERTO*ASTURIAS*127*9,0*3,3*5,9*04:05*12,1*15:15*29*4,2*13,9*09:52*4,8*1019,7*Varias*1013,7*04
2019-03-14*1212E*ASTURIAS AEROPUERTO*ASTURIAS*127*10,0*0,0*7,0*07:05*13,1*14:27*29*6,1*12,8*13:16*3,5*1019,4*00*1015,9*17
2019-03-15*1212E*ASTURIAS AEROPUERTO*ASTURIAS*127*9,4*0,0*4,7*23:49*14,1*11:07*22*3,1*8,9*07:58*10,9*1016,4*00*1010,1*24
2019-03-16*1212E*ASTURIAS AEROPUERTO*ASTURIAS*127*8,8*2,3*4,3*04:58*13,3*13:20*28*4,2*16,4*23:31*6,3*1010,1*00*1001,2*22
2019-03-17*1212E*ASTURIAS AEROPUERTO*ASTURIAS*127*9,0*3,5*5,4*23:52*12,7*14:01*99*4,2*15,3*Varias*4,3*1013,6*Varias*1001,1*03
2019-03-18*1212E*ASTURIAS AEROPUERTO*ASTURIAS*127*8,4*1,9*4,1*05:40*12,7*15:33*99*2,8*7,2*Varias*9,1*1016,0*Varias*1012,8*02
2019-03-19*1212E*ASTURIAS AEROPUERTO*ASTURIAS*127*10,1*0,2*7,0*23:20*13,2*13:12*99*2,2*5,0*Varias*3,8*1017,6*Varias*1014,1*04
2019-03-20*1212E*ASTURIAS AEROPUERTO*ASTURIAS*127*10,0*0,0*6,6*07:00*13,4*13:00*11*4,2*12,5*16:54*8,6*1017,8*Varias*1015,5*16
2019-03-21*1212E*ASTURIAS AEROPUERTO*ASTURIAS*127*8,7*0,0*2,9*05:54*14,5*12:30*11*4,2*11,7*15:46*11,1*1015,7*00*1011,2*24
2019-03-22*1212E*ASTURIAS AEROPUERTO*ASTURIAS*127*10,4*0,0*4,6*06:09*16,3*12:28*20*1,9*8,9*08:50*11,5*1012,4*Varias*1010,1*04
2019-03-23*1212E*ASTURIAS AEROPUERTO*ASTURIAS*127*12,1*0,0*6,2*05:39*18,0*13:54*99*3,9*7,8*Varias*11,5*1011,9*01*1008,8*15
2019-03-24*1212E*ASTURIAS AEROPUERTO*ASTURIAS*127*11,2*0,0*6,8*06:35*15,6*14:10*07*3,1*7,8*16:20*10,8*1013,3*Varias*1009,9*03
2019-03-25*1212E*ASTURIAS AEROPUERTO*ASTURIAS*127*11,7*0,0*9,0*23:55*14,4*11:09*06*4,7*12,8*13:48*6,5*1013,8*Varias*1011,6*17
2019-03-26*1212E*ASTURIAS AEROPUERTO*ASTURIAS*127*9,6*0,0*5,8*04:35*13,3*12:53*10*8,6*18,6*14:46*11,1*1012,8*00*1009,8*16
2019-03-27*1212E*ASTURIAS AEROPUERTO*ASTURIAS*127*9,8*0,0*5,1*03:36*14,5*12:02*11*6,4*13,9*15:29*11,5*1015,8*Varias*1011,4*03
2019-03-28*1212E*ASTURIAS AEROPUERTO*ASTURIAS*127*8,6*0,0*2,4*04:46*14,9*12:32*12*4,7*13,3*18:16*11,5*1015,7*00*1011,7*24
2019-03-29*1212E*ASTURIAS AEROPUERTO*ASTURIAS*127*9,2*0,1*3,5*05:50*15,0*13:05*17*3,1*8,9*06:40*11,3*1011,7*00*1004,4*24
2019-03-30*1212E*ASTURIAS AEROPUERTO*ASTURIAS*127*10,7*0,0*6,8*06:47*14,6*17:27*21*2,8*6,7*07:21*6,6*1004,4*00*1001,3*17
2019-03-31*1212E*ASTURIAS AEROPUERTO*ASTURIAS*127*11,8*0,0*7,0*06:07*16,6*10:49*99*2,8*7,2*Varias*10,6*1001,8*00*997,7*16
2019-04-01*1212E*ASTURIAS AEROPUERTO*ASTURIAS*127*10,2*0,0*5,7*03:10*14,8*13:45*21*1,9*6,7*04:11*10,7*1002,1*Varias*998,3*04
2019-04-02*1212E*ASTURIAS AEROPUERTO*ASTURIAS*127*10,5*8,3*7,5*03:54*13,5*12:07*99*3,6*10,3*Varias*0,0*1003,5*Varias*1000,2*24
2019-04-03*1212E*ASTURIAS AEROPUERTO*ASTURIAS*127*7,4*11,0*4,1*23:44*10,8*12:34*33*7,5*33,9*18:00*2,7*1000,3*00*992,9*24
2019-04-04*1212E*ASTURIAS AEROPUERTO*ASTURIAS*127*8,6*5,3*3,8*01:38*13,5*11:12*23*3,6*12,8*10:06*4,3*992,9*00*980,6*22
2019-04-05*1212E*ASTURIAS AEROPUERTO*ASTURIAS*127*10,2*2,3*6,2*03:32*14,2*12:50*28*3,3*14,4*16:38*5,7*984,1*Varias*979,8*05
2019-04-06*1212E*ASTURIAS AEROPUERTO*ASTURIAS*127*8,1*16,9*4,2*06:03*12,0*10:55*29*2,8*17,5*16:47*1,8*989,3*Varias*981,0*07
2019-04-07*1212E*ASTURIAS AEROPUERTO*ASTURIAS*127*10,6*3,9*7,1*Varias*14,1*11:25*27*3,3*10,8*01:24*6,3*994,0*Varias*989,3*00
2019-04-08*1212E*ASTURIAS AEROPUERTO*ASTURIAS*127*11,6*0,4*7,3*21:34*15,9*11:21*28*3,9*12,5*02:16*6,4*996,3*Varias*991,4*00
2019-04-09*1212E*ASTURIAS AEROPUERTO*ASTURIAS*127*12,5*7,6*7,9*05:56*17,1*14:41*26*3,3*12,5*16:37*3,8*997,0*Varias*993,3*05
2019-04-10*1212E*ASTURIAS AEROPUERTO*ASTURIAS*127*11,0*0,5*8,0*05:24*14,0*14:29*99*3,6*14,4*Varias*4,4*1006,6*Varias*996,2*02
2019-04-11*1212E*ASTURIAS AEROPUERTO*ASTURIAS*127*10,0*0,0*6,0*23:00*14,1*14:41*31*3,3*8,9*12:24*2,4*1008,0*Varias*1006,3*01
2019-04-12*1212E*ASTURIAS AEROPUERTO*ASTURIAS*127*10,4*0,0*5,1*06:17*15,6*14:45*11*4,4*9,7*14:38*12,2*1007,5*00*1003,7*16
2019-04-13*1212E*ASTURIAS AEROPUERTO*ASTURIAS*127*13,2*Ip*7,6*00:04*18,7*15:28*20*3,1*7,2*07:20*10,2*1004,0*00*1001,4*17
2019-04-14*1212E*ASTURIAS AEROPUERTO*ASTURIAS*127*17,0*0,0*13,1*03:05*21,0*14:13*99*3,3*6,7*Varias*7,0*1002,3*00*996,6*24
2019-04-15*1212E*ASTURIAS AEROPUERTO*ASTURIAS*127*12,8*7,6*8,4*23:22*17,3*07:53*99*4,4*13,3*Varias*0,4*1003,2*Varias*990,6*08
2019-04-16*1212E*ASTURIAS AEROPUERTO*ASTURIAS*127*12,0*0,0*7,5*05:36*16,4*11:17*11*4,7*12,5*12:50*6,6*1003,2*00*994,8*24
2019-04-17*1212E*ASTURIAS AEROPUERTO*ASTURIAS*127*15,0*0,4*9,5*02:05*20,5*10:44*28*4,2*10,3*16:30*2,3*994,9*00*990,0*15
2019-04-18*1212E*ASTURIAS AEROPUERTO*ASTURIAS*127*12,6*7,6*9,3*06:10*16,0*11:54*11*3,1*9,2*14:55*1,2*1002,6*Varias*994,3*00
2019-04-19*1212E*ASTURIAS AEROPUERTO*ASTURIAS*127*13,8*0,1*10,2*21:03*17,5*16:04*10*3,3*12,5*16:29*4,0*1009,3*21*1001,2*04
2019-04-20*1212E*ASTURIAS AEROPUERTO*ASTURIAS*127*12,6*0,0*8,0*05:39*17,3*09:33*20*2,2*8,9*07:23*11,9*1009,1*01*1005,1*24
2019-04-21*1212E*ASTURIAS AEROPUERTO*ASTURIAS*127*12,0*0,0*8,4*23:43*15,5*13:22*23*2,2*8,3*07:27*11,0*1005,1*00*994,4*24
2019-04-22*1212E*ASTURIAS AEROPUERTO*ASTURIAS*127*13,2*7,5*7,4*02:58*19,1*14:26*99*2,5*7,2*Varias*9,2*994,4*00*978,8*24
2019-04-23*1212E*ASTURIAS AEROPUERTO*ASTURIAS*127*10,8*8,4*7,1*23:41*14,6*12:51*27*2,5*10,3*01:41*2,6*983,6*Varias*977,4*04
2019-04-24*1212E*ASTURIAS AEROPUERTO*ASTURIAS*127*11,2*1,6*5,0*04:31*17,4*15:09*28*6,7*19,7*17:50*1,0*984,7*Varias*977,4*14
2019-04-25*1212E*ASTURIAS AEROPUERTO*ASTURIAS*127*13,2*3,7*8,2*00:00*18,1*13:04**6,1***4,9*1000,1*Varias*984,4*00
2019-04-26*1212E*ASTURIAS AEROPUERTO*ASTURIAS*127*12,0*0,0*9,2*23:57*14,8*15:53*27*5,8*15,0*Varias*8,0*1012,3*Varias*1000,1*00
2019-04-27*1212E*ASTURIAS AEROPUERTO*ASTURIAS*127*12,0*0,0*9,0*00:10*15,1*09:29*31*1,9*8,3*10:36*3,1*1014,9*Varias*1011,3*03
2019-04-28*1212E*ASTURIAS AEROPUERTO*ASTURIAS*127*11,7*0,0*7,2*23:58*16,2*10:35*99*3,9*10,8*Varias*10,7*1013,8*00*1006,6*24
2019-04-29*1212E*ASTURIAS AEROPUERTO*ASTURIAS*127*12,3*0,0*6,7*01:06*17,9*13:22*11*6,1*11,7*Varias*12,9*1006,6*00*1002,8*16
2019-04-30*1212E*ASTURIAS AEROPUERTO*ASTURIAS*127*11,5*0,0*8,0*01:00*15,0*13:14*99*1,7*5,0*Varias*0,2*1005,6*Varias*1003,2*24
2019-05-01*1212E*ASTURIAS AEROPUERTO*ASTURIAS*127*12,0*0,0*8,5*23:20*15,5*14:24*99*1,9*6,1*Varias*4,0*1006,4*Varias*1001,7*04
2019-05-02*1212E*ASTURIAS AEROPUERTO*ASTURIAS*127*11,4*0,5*7,6*00:30*15,1*14:31*99*1,9*7,8*Varias*3,3*1006,5*Varias*1004,2*24
2019-05-03*1212E*ASTURIAS AEROPUERTO*ASTURIAS*127*10,6*0,5*6,0*23:39*15,1*13:44*02*1,1*7,2*16:57*6,2*1004,2*00*1002,0*16
2019-05-04*1212E*ASTURIAS AEROPUERTO*ASTURIAS*127*10,6*0,0*5,5*01:35*15,6*12:36*09*2,5*10,3*22:26*7,7*1006,5*Varias*1001,4*04
2019-05-05*1212E*ASTURIAS AEROPUERTO*ASTURIAS*127*9,6*0,0*5,5*23:43*13,7*13:31*99*7,8*15,0*Varias*12,2*1006,5*10*1003,9*23
2019-05-06*1212E*ASTURIAS AEROPUERTO*ASTURIAS*127*9,4*0,0*4,1*03:54*14,8*15:22*99*2,5*5,8*Varias*8,4*1004,0*00*1002,1*24
2019-05-07*1212E*ASTURIAS AEROPUERTO*ASTURIAS*127*14,9*1,4*10,5*00:08*19,3*10:22*21*3,3*8,3*07:16*0,0*1002,2*00*990,1*24
2019-05-08*1212E*ASTURIAS AEROPUERTO*ASTURIAS*127*16,6*0,0*12,3*05:20*20,8*14:18*26*9,4*25,8*12:35*7,1*994,6*Varias*988,7*02
2019-05-09*1212E*ASTURIAS AEROPUERTO*ASTURIAS*127*12,4*30,4*9,8*16:13*15,0*08:23*99*2,8*11,4*Varias*0,0*996,4*Varias*991,7*19
2019-05-10*1212E*ASTURIAS AEROPUERTO*ASTURIAS*127*15,8*0,0*12,6*Varias*19,1*Varias*99*4,2*11,7*17:11*8,5*1005,7*Varias*992,6*02
2019-05-11*1212E*ASTURIAS AEROPUERTO*ASTURIAS*127*12,8*0,0*9,3*23:03*16,2*15:03*29*3,1*8,9*02:05*12,0*1014,2*22*1005,6*01
2019-05-12*1212E*ASTURIAS AEROPUERTO*ASTURIAS*127*12,6*0,0*7,5*04:54*17,6*13:03*11*6,9*15,0*15:36*13,3*1013,7*00*1010,5*17
2019-05-13*1212E*ASTURIAS AEROPUERTO*ASTURIAS*127*12,4*0,0*7,2*03:04*17,6*11:23*11*6,7*16,9*17:42*13,4*1011,5*00*1006,8*24
2019-05-14*1212E*ASTURIAS AEROPUERTO*ASTURIAS*127*12,7*0,0*5,3*04:54*20,1*11:12*99*5,8*12,5*Varias*13,4*1006,8*00*1001,0*24
2019-05-15*1212E*ASTURIAS AEROPUERTO*ASTURIAS*127*14,6*0,0*7,8*03:15*21,3*12:50*99*4,2*11,4*Varias*12,9*1001,0*00*998,0*15
2019-05-16*1212E*ASTURIAS AEROPUERTO*ASTURIAS*127*13,5*11,9*10,5*20:29*16,5*11:51*28*5,6*21,1*23:45*0,0*998,4*00*994,1*23
2019-05-17*1212E*ASTURIAS AEROPUERTO*ASTURIAS*127*11,5*12,1*8,5*23:21*14,5*15:30*29*6,4*22,2*00:03*2,5*999,2*Varias*994,2*00
2019-05-18*1212E*ASTURIAS AEROPUERTO*ASTURIAS*127*10,7*7,1*8,2*01:17*13,2*16:22*29*9,2*16,4*12:40*1,6*1000,5*Varias*996,6*04
2019-05-19*1212E*ASTURIAS AEROPUERTO*ASTURIAS*127*12,4*0,0*9,0*Varias*15,8*12:39*30*4,4*10,3*08:41*8,1*1001,8*Varias*999,6*05
2019-05-20*1212E*ASTURIAS AEROPUERTO*ASTURIAS*127*11,5*0,0*7,1*04:49*15,9*14:12*23*2,8*9,2*05:10*7,0*1001,9*Varias*999,7*04
2019-05-21*1212E*ASTURIAS AEROPUERTO*ASTURIAS*127*12,3*0,0*7,8*04:27*16,8*Varias*11*3,6*10,3*Varias*13,1*1004,7*Varias*1001,2*01
2019-05-22*1212E*ASTURIAS AEROPUERTO*ASTURIAS*127*14,2*0,0*8,3*02:28*20,0*15:49*08*3,1*7,8*12:30*10,6*1004,2*00*1001,8*18
2019-05-23*1212E*ASTURIAS AEROPUERTO*ASTURIAS*127*15,4*0,0*12,6*04:34*18,2*11:51*29*4,4*12,8*17:32*4,0*1007,3*Varias*1002,2*02
2019-05-24*1212E*ASTURIAS AEROPUERTO*ASTURIAS*127*14,1*0,0*11,5*03:09*16,7*11:20*99*3,1*7,8*Varias*4,6*1009,9*Varias*1005,8*03
2019-05-25*1212E*ASTURIAS AEROPUERTO*ASTURIAS*127*13,8*0,0*10,9*23:37*16,7*14:58*99*1,9*5,8*Varias*11,7*1011,0*Varias*1009,0*02
2019-05-26*1212E*ASTURIAS AEROPUERTO*ASTURIAS*127*12,8*0,4*9,8*02:55*15,7*14:20*99*2,2*5,8*Varias*1,4*1010,2*00*1005,8*23
2019-05-27*1212E*ASTURIAS AEROPUERTO*ASTURIAS*127*13,2*3,6*11,1*23:58*15,4*Varias*31*1,4*8,9*12:27*0,1*1006,8*Varias*1003,8*06
2019-05-28*1212E*ASTURIAS AEROPUERTO*ASTURIAS*127*13,6*0,0*9,9*03:38*17,2*14:13*99*3,1*7,2*Varias*8,6*1011,1*Varias*1006,0*02
2019-05-29*1212E*ASTURIAS AEROPUERTO*ASTURIAS*127*15,0*0,0*10,6*05:03*19,4*15:10*11*3,6*9,7*19:38*13,7*1012,0*Varias*1010,2*18
2019-05-30*1212E*ASTURIAS AEROPUERTO*ASTURIAS*127*18,2*0,0*11,4*02:26*25,0*14:05*02*4,4*13,3*14:13*13,5*1010,7*00*1008,0*18
2019-05-31*1212E*ASTURIAS AEROPUERTO*ASTURIAS*127*20,6*0,0*12,5*04:14*28,7*16:33*99*5,0*9,7*Varias*13,7*1008,2*00*1003,3*Varias
2019-06-01*1212E*ASTURIAS AEROPUERTO*ASTURIAS*127*20,5*0,0*17,5*Varias*23,5*08:36*22*3,1*10,3*05:11*13,5*1003,3*00*1001,9*19
2019-06-02*1212E*ASTURIAS AEROPUERTO*ASTURIAS*127*16,6*Ip*13,2*04:14*20,1*08:40*99*2,2*6,1*Varias*1,3*1003,4*Varias*1000,6*05
2019-06-03*1212E*ASTURIAS AEROPUERTO*ASTURIAS*127*16,9*0,0*15,1*03:34*18,7*10:20*99*1,1*4,7*Varias*0,0*1003,1*00*996,8*24
2019-06-04*1212E*ASTURIAS AEROPUERTO*ASTURIAS*127*15,6*5,5*12,1*22:39*19,2*08:23*29*5,0*18,9*09:38*2,2*998,2*Varias*993,0*07
2019-06-05*1212E*ASTURIAS AEROPUERTO*ASTURIAS*127*12,8*1,9*9,6*23:01*16,1*12:58*29*5,0*13,3*10:50*3,3*1000,7*Varias*996,8*04
2019-06-06*1212E*ASTURIAS AEROPUERTO*ASTURIAS*127*14,8*1,5*7,4*05:21*22,3*13:13*26*4,2*15,3*23:04*4,2*1000,0*00*984,6*17
2019-06-07*1212E*ASTURIAS AEROPUERTO*ASTURIAS*127*13,1*2,0*9,8*23:55*16,4*12:28*28*8,3*20,6*05:19*5,5*1008,8*Varias*988,4*00
2019-06-08*1212E*ASTURIAS AEROPUERTO*ASTURIAS*127*12,3*1,5*7,9*05:20*16,7*12:58*10*3,1*7,8*13:17*4,5*1009,1*Varias*1005,9*24
2019-06-09*1212E*ASTURIAS AEROPUERTO*ASTURIAS*127*12,6*0,2*10,1*23:49*15,0*11:41*14*2,2*7,2*06:07*0,0*1007,8*Varias*1004,2*04
2019-06-10*1212E*ASTURIAS AEROPUERTO*ASTURIAS*127*12,6*3,4*8,4*03:49*16,7*14:07*32*3,1*8,3*16:22*2,7*1007,3*00*1003,4*24
2019-06-11*1212E*ASTURIAS AEROPUERTO*ASTURIAS*127*13,6*1,1*11,0*01:08*16,3*12:31*28*5,3*12,8*20:44*5,8*1004,9*Varias*1002,5*Varias
2019-06-12*1212E*ASTURIAS AEROPUERTO*ASTURIAS*127*13,0*0,3*9,2*03:56*16,8*11:52*27*4,7*10,3*07:06*4,4*1002,5*00*998,5*24
2019-06-13*1212E*ASTURIAS AEROPUERTO*ASTURIAS*127*12,8*0,0*9,6*04:39*15,9*Varias*22*1,7*8,9*05:10*2,4*999,4*Varias*996,9*08
2019-06-14*1212E*ASTURIAS AEROPUERTO*ASTURIAS*127*13,2*0,0*9,7*05:22*16,8*14:09*26*2,5*8,9*22:24*6,8*1003,3*Varias*997,9*03
2019-06-15*1212E*ASTURIAS AEROPUERTO*ASTURIAS*127*15,2*0,0*12,0*Varias*18,3*14:14*99*1,7*6,7*Varias*8,1*1007,7*Varias*1002,9*03
2019-06-16*1212E*ASTURIAS AEROPUERTO*ASTURIAS*127*15,3*0,0*11,2*03:35*19,4*15:04*09*2,8*8,9*11:45*12,5*1007,1*00*1003,7*Varias
2019-06-17*1212E*ASTURIAS AEROPUERTO*ASTURIAS*127*16,2*0,0*14,7*04:35*17,6*12:53*99*1,1*4,7*Varias*0,0*1003,7*00*997,5*24
2019-06-18*1212E*ASTURIAS AEROPUERTO*ASTURIAS*127*17,0*1,4*13,1*02:13*20,8*15:14*29*0,8*8,3*09:11*2,8*997,5*00*994,1*16
2019-06-19*1212E*ASTURIAS AEROPUERTO*ASTURIAS*127*16,5*1,0*13,4*03:36*19,6*10:36*99*3,6*7,2*Varias*0,4*1003,1*Varias*996,1*02
2019-06-20*1212E*ASTURIAS AEROPUERTO*ASTURIAS*127*15,4*3,5*14,0*04:32*16,8*14:01*99*1,7*6,1*Varias*0,0*1004,7*Varias*1002,3*03
2019-06-21*1212E*ASTURIAS AEROPUERTO*ASTURIAS*127*15,9*Ip*12,9*23:16*18,9*Varias*99*4,4*10,3*Varias*8,8*1006,2*Varias*1003,2*24
2019-06-22*1212E*ASTURIAS AEROPUERTO*ASTURIAS*127*17,4*1,1*11,4*03:16*23,4*10:31*29*2,8*6,7*11:11*4,2*1003,2*00*994,7*24
2019-06-23*1212E*ASTURIAS AEROPUERTO*ASTURIAS*127*17,4*9,4*15,1*05:59*19,7*15:07*99*1,9*8,3*Varias*1,5*999,3*Varias*994,5*01
2019-06-24*1212E*ASTURIAS AEROPUERTO*ASTURIAS*127*16,3*7,0*15,0*Varias*17,6*16:12*28*2,2*6,1*23:54*0,0*1001,2*Varias*997,8*03
2019-06-25*1212E*ASTURIAS AEROPUERTO*ASTURIAS*127*17,6*0,3*15,5*04:15*19,8*15:23*11*2,8*8,3*16:48*0,2*1003,3*Varias*1000,9*01
2019-06-26*1212E*ASTURIAS AEROPUERTO*ASTURIAS*127*19,2*Ip*16,4*23:21*22,0*12:03*12*3,3*7,2*02:45*6,9*1003,7*Varias*998,5*10
2019-06-27*1212E*ASTURIAS AEROPUERTO*ASTURIAS*127*18,7*0,0*15,7*05:30*21,7*12:00*28*3,1*8,9*17:34*12,6*1004,8*Varias*1000,0*12
2019-06-28*1212E*ASTURIAS AEROPUERTO*ASTURIAS*127**0,0*********3,2****
2019-06-29*1212E*ASTURIAS AEROPUERTO*ASTURIAS*127*17,8*0,0*16,0*03:06*19,5*17:13*99*1,9*5,0*Varias*0,3*1005,2*Varias*1000,7*03
2019-06-30*1212E*ASTURIAS AEROPUERTO*ASTURIAS*127*18,4*0,0*16,4*Varias*20,4*Varias*06*3,3*8,9*12:51*6,5*1007,5*Varias*1003,6*03
2019-07-01*1212E*ASTURIAS AEROPUERTO*ASTURIAS*127*18,4*1,4*15,8*04:40*21,1*10:13*08*3,3*9,2*15:16*6,3*1008,3*Varias*1006,6*03
2019-07-02*1212E*ASTURIAS AEROPUERTO*ASTURIAS*127*17,4*0,0*15,6*05:38*19,3*12:22*08*3,6*9,2*05:08*0,0*1007,8*00*1002,5*24
2019-07-03*1212E*ASTURIAS AEROPUERTO*ASTURIAS*127*19,3*0,0*16,5*04:37*22,1*12:19*99*2,8*8,3*Varias*1,8*1002,5*00*999,5*21
2019-07-04*1212E*ASTURIAS AEROPUERTO*ASTURIAS*127*19,4*9,7*16,5*03:32*22,3*11:02*99*1,7*10,8*Varias*5,2*1002,7*Varias*998,1*04
2019-07-05*1212E*ASTURIAS AEROPUERTO*ASTURIAS*127*19,0*Ip*16,4*21:33*21,5*08:15*21*3,1*9,7*02:46*9,4*1002,6*Varias*998,0*04
2019-07-06*1212E*ASTURIAS AEROPUERTO*ASTURIAS*127*18,6*0,0*16,4*05:08*20,8*13:19*33*2,2*6,1*13:05*8,1*1002,4*Varias*1000,0*08
2019-07-07*1212E*ASTURIAS AEROPUERTO*ASTURIAS*127*18,0*0,0*15,1*01:53*20,8*12:40*99*1,7*6,1*Varias*0,1*1002,1*Varias*1000,9*18
2019-07-08*1212E*ASTURIAS AEROPUERTO*ASTURIAS*127**0,0***20,8*13:20*****0,4***1000,6*14
2019-07-09*1212E*ASTURIAS AEROPUERTO*ASTURIAS*127*17,8*0,0*15,2*23:59*20,5*13:50*21*2,8*6,7*05:05*9,3*1005,2*Varias*1002,7*02
2019-07-10*1212E*ASTURIAS AEROPUERTO*ASTURIAS*127*18,0*0,0*13,5*04:21*22,6*13:48*99*4,2*8,3*Varias*14,1*1004,9*00*1001,2*20
2019-07-11*1212E*ASTURIAS AEROPUERTO*ASTURIAS*127*17,7*0,0*14,3*02:54*21,1*15:26*23*1,4*6,1*05:39*10,1*1003,3*Varias*1000,9*02
2019-07-12*1212E*ASTURIAS AEROPUERTO*ASTURIAS*127*18,9*0,0*14,3*03:52*23,5*12:40*99*3,9*8,9*Varias*11,8*1005,2*Varias*1002,0*03
2019-07-13*1212E*ASTURIAS AEROPUERTO*ASTURIAS*127*20,4*2,9*17,8*00:17*23,1*11:56*08*4,7*12,5*Varias*5,3*1004,4*00*1000,7*15
2019-07-14*1212E*ASTURIAS AEROPUERTO*ASTURIAS*127*20,0*0,0*17,4*23:58*22,7*16:07*99*2,2*5,8*Varias*10,0*1003,0*00*1001,4*06
2019-07-15*1212E*ASTURIAS AEROPUERTO*ASTURIAS*127*20,2*0,0*16,2*05:16*24,1*14:04*99*3,6*8,9*Varias*14,0*1003,9*Varias*1000,8*04
2019-07-16*1212E*ASTURIAS AEROPUERTO*ASTURIAS*127*17,9*2,8*13,6*05:01*22,2*10:42*99*2,5*7,8*Varias*5,3*1003,8*Varias*1002,7*03
2019-07-17*1212E*ASTURIAS AEROPUERTO*ASTURIAS*127*18,2*0,7*16,3*23:14*20,2*14:08*09*1,1*6,1*01:29*0,0*1005,6*Varias*1002,7*03
2019-07-18*1212E*ASTURIAS AEROPUERTO*ASTURIAS*127*18,0*0,0*15,0*05:00*20,9*16:13*25*1,9*8,9*07:30*10,8*1005,2*00*1003,6*05
2019-07-19*1212E*ASTURIAS AEROPUERTO*ASTURIAS*127*19,4*0,0*15,7*04:36*23,1*14:55*99*3,1*7,8*Varias*13,7*1003,8*00*999,2*17
2019-07-20*1212E*ASTURIAS AEROPUERTO*ASTURIAS*127*20,1*1,5*16,9*03:24*23,3*10:11*32*2,2*6,1*11:23*6,8*1006,8*Varias*999,7*00
2019-07-21*1212E*ASTURIAS AEROPUERTO*ASTURIAS*127*19,6*2,2*17,7*06:14*21,5*17:18*11*2,5*7,8*22:12*0,2*1008,6*Varias*1005,7*04
2019-07-22*1212E*ASTURIAS AEROPUERTO*ASTURIAS*127*21,2*0,8*19,3*22:57*23,0*12:39*99*3,3*8,3*Varias*0,0*1007,6*00*1001,1*23
2019-07-23*1212E*ASTURIAS AEROPUERTO*ASTURIAS*127*20,2*Ip*17,7*22:47*22,7*10:01*28*3,3*9,2*16:32*2,2*1002,2*19*998,5*10
2019-07-24*1212E*ASTURIAS AEROPUERTO*ASTURIAS*127*21,3*0,0*16,9*04:07*25,7*11:08*08*2,8*8,9*Varias*11,1*1001,8*00*996,3*17
2019-07-25*1212E*ASTURIAS AEROPUERTO*ASTURIAS*127*21,6*7,3*17,6*04:09*25,7*12:36*21*1,4*9,2*05:10*6,6*1001,3*Varias*995,3*03
2019-07-26*1212E*ASTURIAS AEROPUERTO*ASTURIAS*127*18,2*2,5*15,5*23:37*20,9*13:03*29*3,6*8,3*Varias*1,3*1001,9*Varias*998,4*24
2019-07-27*1212E*ASTURIAS AEROPUERTO*ASTURIAS*127*17,2*9,7*14,4*08:41*20,0*15:43*29*2,8*7,2*18:30*4,9*1000,8*Varias*995,8*05
2019-07-28*1212E*ASTURIAS AEROPUERTO*ASTURIAS*127*17,9*0,0*13,0*04:53*22,8*16:24*20*3,9*9,2*07:25*13,7*1000,5*00*994,3*19
2019-07-29*1212E*ASTURIAS AEROPUERTO*ASTURIAS*127*19,7*0,0*15,1*03:14*24,3*11:34*28*8,6*16,4*14:47*10,1*1003,6*Varias*994,3*01
2019-07-30*1212E*ASTURIAS AEROPUERTO*ASTURIAS*127*17,6*0,0*14,3*23:57*20,8*13:26*27*3,1*10,3*01:05*5,1*1007,4*Varias*1003,6*00
2019-07-31*1212E*ASTURIAS AEROPUERTO*ASTURIAS*127*16,4*0,0*11,9*01:54*21,0*11:59*99*4,4*9,7*15:30*7,2*1006,6*00*1002,3*24
2019-08-01*1212E*ASTURIAS AEROPUERTO*ASTURIAS*127*18,8*0,6*15,9*23:58*21,8*14:43*07*3,6*8,3*16:48*1,1*1003,8*Varias*1000,7*05
2019-08-02*1212E*ASTURIAS AEROPUERTO*ASTURIAS*127*18,9*0,0*14,2*04:08*23,6*13:41*99*4,2*10,3*Varias*12,1*1003,7*Varias*1001,6*18
2019-08-03*1212E*ASTURIAS AEROPUERTO*ASTURIAS*127*19,8*0,0*16,9*Varias*22,8*15:11*35*1,4*5,8*13:54*6,5*1002,0*Varias*1000,7*03
2019-08-04*1212E*ASTURIAS AEROPUERTO*ASTURIAS*127*19,4*0,0*16,8*Varias*22,1*12:58*99*1,7*4,7*Varias*0,5*1003,2*Varias*1001,2*02
2019-08-05*1212E*ASTURIAS AEROPUERTO*ASTURIAS*127*19,9*0,0*16,5*23:37*23,3*13:23*20*1,4*7,2*05:40*13,1*1002,4*00*1000,6*24
2019-08-06*1212E*ASTURIAS AEROPUERTO*ASTURIAS*127*19,6*0,6*16,3*04:56*23,0*12:24*23*2,2*9,2*08:41*3,6*1000,6*00*997,8*19
2019-08-07*1212E*ASTURIAS AEROPUERTO*ASTURIAS*127*21,0*2,3*16,8*03:43*25,2*10:53*18*3,6*8,9*05:43*4,6*1004,6*Varias*995,9*23
2019-08-08*1212E*ASTURIAS AEROPUERTO*ASTURIAS*127*24,4*2,0*19,7*Varias*29,2*12:10*32*2,2*8,3*23:40*7,0*996,0*00*990,7*18
2019-08-09*1212E*ASTURIAS AEROPUERTO*ASTURIAS*127*23,6*0,0*19,3*23:32*27,9*13:53*24*4,4*16,1*15:33*0,5*1002,4*Varias*991,8*01
2019-08-10*1212E*ASTURIAS AEROPUERTO*ASTURIAS*127*19,7*0,5*16,8*05:29*22,6*12:47*26*1,7*10,3*01:18*8,4*1006,2*Varias*1002,2*00
2019-08-11*1212E*ASTURIAS AEROPUERTO*ASTURIAS*127*17,6*0,9*13,5*23:59*21,7*13:13*99*3,1*13,9*14:07*7,3*1007,3*Varias*1003,3*06
2019-08-12*1212E*ASTURIAS AEROPUERTO*ASTURIAS*127*16,6*0,0*12,3*04:38*21,0*13:44*28*3,1*10,8*10:04*5,7*1010,7*Varias*1006,5*03
2019-08-13*1212E*ASTURIAS AEROPUERTO*ASTURIAS*127*17,0*0,0*12,2*01:06*21,8*14:11*08*4,7*9,2*12:19*12,0*1009,9*00*1005,7*24
2019-08-14*1212E*ASTURIAS AEROPUERTO*ASTURIAS*127*19,0*1,5*13,8*04:38*24,2*11:29*99*3,3*9,2*18:36*4,1*1007,6*Varias*1004,7*03
2019-08-15*1212E*ASTURIAS AEROPUERTO*ASTURIAS*127*18,0*0,0*14,1*23:07*21,8*14:04*29*2,5*7,2*01:13*7,3*1008,8*Varias*1005,6*24
2019-08-16*1212E*ASTURIAS AEROPUERTO*ASTURIAS*127*17,2*0,0*13,1*05:38*21,3*Varias*31*2,5*8,3*14:20*9,5*1005,7*00*1001,4*24
2019-08-17*1212E*ASTURIAS AEROPUERTO*ASTURIAS*127*21,3*1,4*16,1*06:07*26,5*Varias*29*2,5*8,9*22:59*13,0*1001,4*00*996,1*22
2019-08-18*1212E*ASTURIAS AEROPUERTO*ASTURIAS*127*17,8*5,0*15,6*23:54*20,1*Varias*31*3,1*10,8*04:51*0,0*1005,7*Varias*995,1*04
2019-08-19*1212E*ASTURIAS AEROPUERTO*ASTURIAS*127*18,0*0,3*14,7*05:30*21,3*12:53*06*3,6*9,2*14:33*2,5*1007,7*Varias*1004,7*04
2019-08-20*1212E*ASTURIAS AEROPUERTO*ASTURIAS*127*18,6*0,0*14,7*06:04*22,4*14:01*06*4,4*12,8*17:20*8,5*1009,9*Varias*1007,2*02
2019-08-21*1212E*ASTURIAS AEROPUERTO*ASTURIAS*127*19,0*0,0*14,2*05:54*23,7*12:46*08*4,4*10,8*11:24*6,0*1008,5*00*1006,8*04
2019-08-22*1212E*ASTURIAS AEROPUERTO*ASTURIAS*127*20,2*0,0*14,4*04:04*25,9*12:45*99*5,3*11,7*Varias*12,6*1007,9*Varias*1004,6*18
2019-08-23*1212E*ASTURIAS AEROPUERTO*ASTURIAS*127*24,2*0,0*15,4*Varias*33,0*14:56*18*3,3*8,3*05:11*12,4*1004,9*00*1000,4*16
2019-08-24*1212E*ASTURIAS AEROPUERTO*ASTURIAS*127*19,0*0,0*18,0*04:19*20,1*Varias*99*2,5*7,2*Varias*0,0*1004,7*Varias*1001,6*01
2019-08-25*1212E*ASTURIAS AEROPUERTO*ASTURIAS*127*19,4*5,3*17,5*06:34*21,3*15:18*13*3,6*11,7*15:00*0,2*1004,6*Varias*1001,5*24
2019-08-26*1212E*ASTURIAS AEROPUERTO*ASTURIAS*127*20,8*Ip*18,7*23:39*23,0*09:40*09*2,2*8,3*01:43*2,7*1002,1*Varias*1000,0*10
2019-08-27*1212E*ASTURIAS AEROPUERTO*ASTURIAS*127*20,0*0,1*18,2*20:40*21,8*14:01*22*0,8*5,8*05:38*1,1*1003,5*Varias*1000,6*03
2019-08-28*1212E*ASTURIAS AEROPUERTO*ASTURIAS*127*19,4*0,0*18,2*21:41*20,5*13:04*28*1,9*8,9*05:05*0,0*1005,1*24*1002,2*04
2019-08-29*1212E*ASTURIAS AEROPUERTO*ASTURIAS*127*19,6*1,2*17,3*23:22*21,8*13:23*23*1,7*6,7*11:08*0,0*1006,7*Varias*1004,3*04
2019-08-30*1212E*ASTURIAS AEROPUERTO*ASTURIAS*127*19,6*0,2*15,9*04:23*23,4*12:53*08*3,6*8,3*11:34*2,2*1006,3*00*1002,5*24
2019-08-31*1212E*ASTURIAS AEROPUERTO*ASTURIAS*127*19,6*9,1*17,6*23:57*21,7*11:47*99*1,9*6,1*Varias*0,3*1004,7*Varias*1001,4*02
2019-09-01*1212E*ASTURIAS AEROPUERTO*ASTURIAS*127*16,1*11,2*13,8*08:35*18,4*15:42*05*3,6*11,4*08:24*0,0*1009,7*Varias*1003,3*04
2019-09-02*1212E*ASTURIAS AEROPUERTO*ASTURIAS*127*18,0*0,0*14,6*23:53*21,4*14:33*99*5,3*11,4*Varias*10,5*1010,0*Varias*1008,2*15
2019-09-03*1212E*ASTURIAS AEROPUERTO*ASTURIAS*127*17,4*0,0*11,7*06:07*23,2*14:47*99*4,4*11,7*Varias*12,6*1009,7*00*1007,0*23
2019-09-04*1212E*ASTURIAS AEROPUERTO*ASTURIAS*127*17,1*5,0*12,9*02:25*21,3*13:25*21*1,7*9,2*05:08*9,4*1012,5*Varias*1006,7*02
2019-09-05*1212E*ASTURIAS AEROPUERTO*ASTURIAS*127*16,6*0,7*13,7*05:50*19,6*12:38*08*3,9*9,2*18:21*2,0*1013,9*Varias*1012,0*05
2019-09-06*1212E*ASTURIAS AEROPUERTO*ASTURIAS*127*16,0*0,0*11,6*02:49*20,4*13:37*08*4,4*11,7*15:47*7,2*1012,3*Varias*1010,5*16
2019-09-07*1212E*ASTURIAS AEROPUERTO*ASTURIAS*127*14,7*0,0*9,6*04:37*19,8*13:38*99*3,6*6,7*Varias*12,3*1011,9*00*1008,1*24
2019-09-08*1212E*ASTURIAS AEROPUERTO*ASTURIAS*127*16,4*0,1*12,1*04:18*20,7*13:29*08*4,2*9,7*15:51*6,2*1008,1*00*1004,8*24
2019-09-09*1212E*ASTURIAS AEROPUERTO*ASTURIAS*127*16,6*5,8*13,8*22:47*19,3*13:05*28*5,6*16,4*18:02*6,7*1005,1*Varias*1001,6*16
2019-09-10*1212E*ASTURIAS AEROPUERTO*ASTURIAS*127*15,6*1,3*12,7*01:44*18,4*12:44*29*2,2*12,5*00:05*0,2*1011,5*Varias*1004,2*03
2019-09-11*1212E*ASTURIAS AEROPUERTO*ASTURIAS*127*16,4*0,4*12,3*23:57*20,5*13:12*99*3,1*8,9*Varias*6,1*1015,1*Varias*1011,5*00
2019-09-12*1212E*ASTURIAS AEROPUERTO*ASTURIAS*127*16,8*0,0*11,8*Varias*21,9*11:45*06*5,0*12,5*13:11*12,1*1015,7*Varias*1013,7*04
2019-09-13*1212E*ASTURIAS AEROPUERTO*ASTURIAS*127*18,5*0,0*14,1*06:03*22,9*11:59*08*4,7*11,7*12:35*6,6*1014,7*00*1011,2*19
2019-09-14*1212E*ASTURIAS AEROPUERTO*ASTURIAS*127*18,6*0,0*15,4*02:07*21,9*10:07*19*1,1*7,2*05:39*7,9*1011,5*00*1007,4*16
2019-09-15*1212E*ASTURIAS AEROPUERTO*ASTURIAS*127*19,2*0,0*16,7*00:37*21,6*13:25*22*1,7*7,8*07:05*5,6*1007,8*00*1004,8*15
2019-09-16*1212E*ASTURIAS AEROPUERTO*ASTURIAS*127*19,4*0,0*16,8*06:04*21,9*Varias*12*1,9*5,0*21:50*5,2*1005,7*Varias*1003,9*16
2019-09-17*1212E*ASTURIAS AEROPUERTO*ASTURIAS*127*20,6*0,2*17,4*06:10*23,8*10:29*99*1,1*6,1*Varias*5,2*1004,0*00*1001,7*16
2019-09-18*1212E*ASTURIAS AEROPUERTO*ASTURIAS*127*19,6*Ip*16,3*01:47*22,8*12:45*09*3,6*10,3*15:21*3,9*1004,8*Varias*1000,9*03
2019-09-19*1212E*ASTURIAS AEROPUERTO*ASTURIAS*127*18,6*0,0*14,7*06:14*22,6*12:23*08*3,9*9,7*Varias*11,2*1004,5*00*1000,4*24
2019-09-20*1212E*ASTURIAS AEROPUERTO*ASTURIAS*127*15,4*Ip*10,5*10:56*20,3*10:57*28*3,6*10,3*Varias*5,3*1000,4*00*994,2*23
2019-09-21*1212E*ASTURIAS AEROPUERTO*ASTURIAS*127*20,8*4,0*14,9*19:44*26,7*11:51*25*3,3*14,4*22:59*1,8*994,7*00*987,6*17
2019-09-22*1212E*ASTURIAS AEROPUERTO*ASTURIAS*127*18,2*Ip*13,2*21:23*23,2*12:27*99*4,2*12,5*Varias*8,0*1002,5*Varias*992,1*00
2019-09-23*1212E*ASTURIAS AEROPUERTO*ASTURIAS*127*16,8*2,6*13,3*05:50*20,3*11:05*22*3,3*8,9*05:05*0,0*1002,8*Varias*996,6*24
2019-09-24*1212E*ASTURIAS AEROPUERTO*ASTURIAS*127*18,6*0,1*15,3*21:49*22,0*05:57*28*7,8*14,4*06:36*4,6*1003,2*Varias*996,2*00
2019-09-25*1212E*ASTURIAS AEROPUERTO*ASTURIAS*127*17,6*0,0*14,8*20:51*20,4*09:09*23*4,2*10,3*07:31*5,1*1003,8*Varias*1002,1*15
2019-09-26*1212E*ASTURIAS AEROPUERTO*ASTURIAS*127*17,0*0,0*12,1*04:13*21,9*15:10*22*1,9*8,9*23:59*11,2*1004,6*Varias*1002,7*16
2019-09-27*1212E*ASTURIAS AEROPUERTO*ASTURIAS*127*18,0*0,1*15,9*23:49*20,0*09:38*29*4,2*10,8*13:15*2,4*1007,4*Varias*1002,5*03
2019-09-28*1212E*ASTURIAS AEROPUERTO*ASTURIAS*127*15,8*0,0*12,2*06:35*19,5*13:47*21*1,4*6,1*07:33*11,0*1007,3*00*1000,9*24
2019-09-29*1212E*ASTURIAS AEROPUERTO*ASTURIAS*127*19,8*0,0*12,8*01:37*26,8*12:34*26*3,6*11,7*12:45*3,0*1003,7*Varias*998,5*06
2019-09-30*1212E*ASTURIAS AEROPUERTO*ASTURIAS*127*20,1*0,0*14,7*02:31*25,5*11:27*20*3,3*8,3*05:06*8,5*1002,9*00*998,6*24
2019-10-01*1212E*ASTURIAS AEROPUERTO*ASTURIAS*127*18,9*0,3*16,1*02:21*21,7*09:18*29*7,8*16,9*18:18*7,4*1003,1*Varias*997,3*04
2019-10-02*1212E*ASTURIAS AEROPUERTO*ASTURIAS*127*16,8*0,0*13,5*06:43*20,1*12:19*31*3,3*13,3*04:00*1,9*1007,5*Varias*1003,0*00
2019-10-03*1212E*ASTURIAS AEROPUERTO*ASTURIAS*127*17,6*1,9*12,5*Varias*22,8*Varias*29*2,2*8,9*23:54*7,4*1005,4*00*1002,9*15
2019-10-04*1212E*ASTURIAS AEROPUERTO*ASTURIAS*127*16,7*1,0*15,0*09:19*18,4*11:37*29*2,8*9,2*02:15*0,0*1005,6*Varias*1003,5*02
2019-10-05*1212E*ASTURIAS AEROPUERTO*ASTURIAS*127*16,4*0,0*14,3*Varias*18,6*14:35*22*2,2*7,2*07:33*0,4*1005,8*Varias*1002,0*05
2019-10-06*1212E*ASTURIAS AEROPUERTO*ASTURIAS*127*16,6*0,0*13,0*23:58*20,3*12:49*99*2,2*7,2*Varias*1,0*1008,6*Varias*1005,0*03
2019-10-07*1212E*ASTURIAS AEROPUERTO*ASTURIAS*127*17,8*0,0*12,5*06:30*23,0*16:52*24*1,9*8,9*05:04*9,6*1006,7*00*1004,2*24
2019-10-08*1212E*ASTURIAS AEROPUERTO*ASTURIAS*127*17,6*3,6*13,6*19:06*21,6*09:59*32*5,0*11,7*12:56*1,2*1006,5*Varias*1002,2*07
2019-10-09*1212E*ASTURIAS AEROPUERTO*ASTURIAS*127*15,5*0,0*11,9*23:48*19,1*Varias*29*4,7*10,3*12:51*7,1*1008,7*Varias*1005,7*00
2019-10-10*1212E*ASTURIAS AEROPUERTO*ASTURIAS*127*15,0*0,0*10,5*05:36*19,4*13:14*99*3,3*7,2*Varias*10,0*1008,5*Varias*1003,1*24
2019-10-11*1212E*ASTURIAS AEROPUERTO*ASTURIAS*127*15,0*0,0*11,1*06:36*18,9*14:40*23*2,8*8,3*05:37*8,3*1003,1*00*998,5*24
2019-10-12*1212E*ASTURIAS AEROPUERTO*ASTURIAS*127*17,9*0,0*14,1*07:03*21,7*12:01*13*3,1*7,8*Varias*7,8*998,5*00*992,2*24
2019-10-13*1212E*ASTURIAS AEROPUERTO*ASTURIAS*127*16,4*16,0*13,6*23:56*19,3*09:06*30*2,5*12,8*09:58*0,1*996,4*Varias*990,3*03
2019-10-14*1212E*ASTURIAS AEROPUERTO*ASTURIAS*127*13,3*1,0*10,9*20:39*15,7*15:50*99*4,7*14,4*13:27*0,6*1000,1*Varias*989,8*07
2019-10-15*1212E*ASTURIAS AEROPUERTO*ASTURIAS*127*16,0*7,6*11,5*00:02*20,4*11:29*22*5,3*13,3*16:52*4,6*1001,6*Varias*997,3*24
2019-10-16*1212E*ASTURIAS AEROPUERTO*ASTURIAS*127*18,1*14,4*13,4*06:37*22,8*11:43*24*2,8*14,4*11:40*1,4*997,4*00*994,7*14
2019-10-17*1212E*ASTURIAS AEROPUERTO*ASTURIAS*127*16,2*0,7*13,0*09:14*19,5*11:55*30*3,1*12,8*08:49*6,4*999,9*Varias*996,4*00
2019-10-18*1212E*ASTURIAS AEROPUERTO*ASTURIAS*127**10,8******2,5***0,0*1000,5*Varias*993,8*24
2019-10-19*1212E*ASTURIAS AEROPUERTO*ASTURIAS*127*11,8*66,5*9,9*23:56*13,7*00:32*29*2,5*8,3*Varias*0,0*994,0*00*989,6*16
2019-10-20*1212E*ASTURIAS AEROPUERTO*ASTURIAS*127*12,6*17,4*9,5*06:40*15,6*12:36*27*2,8*9,2*09:47*0,7*1001,9*Varias*991,5*00
2019-10-21*1212E*ASTURIAS AEROPUERTO*ASTURIAS*127*11,6*0,9*8,2*23:55*15,1*13:42*28*1,4*10,8*06:26*4,7*1005,5*Varias*1001,9*00
2019-10-22*1212E*ASTURIAS AEROPUERTO*ASTURIAS*127*11,3*13,3*6,4*06:30*16,2*11:16*06*2,5*10,3*23:16*6,6*1005,3*Varias*998,7*24
2019-10-23*1212E*ASTURIAS AEROPUERTO*ASTURIAS*127*13,2*7,1*11,9*08:31*14,4*00:00*29*5,8*16,1*17:09*0,0*998,7*00*994,6*11
2019-10-24*1212E*ASTURIAS AEROPUERTO*ASTURIAS*127*15,2*1,1*11,7*02:13*18,8*15:49*29*3,6*18,1*10:17*1,2*1005,4*24*996,8*07
2019-10-25*1212E*ASTURIAS AEROPUERTO*ASTURIAS*127*15,5*0,0*11,9*21:51*19,1*11:48*20*3,9*7,8*23:54*6,0*1006,2*Varias*1001,5*24
2019-10-26*1212E*ASTURIAS AEROPUERTO*ASTURIAS*127*17,4*0,0*12,0*01:39*22,7*14:08*99*2,2*9,2*Varias*9,3*1002,4*Varias*999,3*04
2019-10-27*1212E*ASTURIAS AEROPUERTO*ASTURIAS*127*19,2*Ip*15,5*Varias*22,8*12:14*99*3,9*8,3*Varias*3,8*1002,5*Varias*1000,4*Varias
2019-10-28*1212E*ASTURIAS AEROPUERTO*ASTURIAS*127*18,4*0,0*14,2*07:01*22,5*13:13*99*1,9*8,3*Varias*5,8*1000,4*00*998,3*16
2019-10-29*1212E*ASTURIAS AEROPUERTO*ASTURIAS*127*18,3*0,0*14,3*07:43*22,3*11:07*23*3,3*8,9*08:17*8,4*1003,4*Varias*998,5*02
2019-10-30*1212E*ASTURIAS AEROPUERTO*ASTURIAS*127*18,0*0,9*14,8*Varias*21,3*14:17*22*2,8*8,3*08:07*0,2*1006,2*Varias*1001,4*14
2019-10-31*1212E*ASTURIAS AEROPUERTO*ASTURIAS*127*17,8*5,2*14,3*07:02*21,4*12:10*24*2,2*8,3*21:41*2,7*1008,0*Varias*1002,9*24
2019-11-01*1212E*ASTURIAS AEROPUERTO*ASTURIAS*127*20,1*3,9*16,0*Varias*24,2*13:58*27*3,9*15,3*14:36*2,5*1003,0*00*994,2*Varias
2019-11-02*1212E*ASTURIAS AEROPUERTO*ASTURIAS*127*16,5*12,0*15,1*05:03*17,9*23:54*23*7,8*25,8*23:08*0,5*994,2*00*977,2*24
2019-11-03*1212E*ASTURIAS AEROPUERTO*ASTURIAS*127*14,7*7,0*10,3*06:13*19,1*21:09*28*9,2*36,1*00:39*2,1*991,4*Varias*977,3*00
2019-11-04*1212E*ASTURIAS AEROPUERTO*ASTURIAS*127*14,8*5,4*10,9*18:49*18,8*00:00*24*8,6*23,3*02:06*0,8*989,4*Varias*985,2*02
2019-11-05*1212E*ASTURIAS AEROPUERTO*ASTURIAS*127*12,8*24,6*10,5*01:23*15,0*11:57*99*10,0*21,1*Varias*0,9*1001,8*Varias*989,0*03
2019-11-06*1212E*ASTURIAS AEROPUERTO*ASTURIAS*127*13,2*19,5*10,0*06:28*16,5*13:25*99*4,7*18,9*Varias*0,4*1001,9*00*993,7*18
2019-11-07*1212E*ASTURIAS AEROPUERTO*ASTURIAS*127*8,8*29,1*6,3*16:02*11,4*00:14*28*6,9*20,6*11:26*1,5*997,2*Varias*994,4*20
2019-11-08*1212E*ASTURIAS AEROPUERTO*ASTURIAS*127*9,4*9,5*5,6*01:31*13,3*10:28*28*7,2*21,7*12:06*0,9*1006,1*Varias*994,7*02
2019-11-09*1212E*ASTURIAS AEROPUERTO*ASTURIAS*127*12,7*8,9*9,0*06:29*16,4*10:31*27*8,6*21,1*11:36*0,5*1005,4*00*999,9*08
2019-11-10*1212E*ASTURIAS AEROPUERTO*ASTURIAS*127*10,0*11,2*8,0*19:42*11,9*07:21*28*5,8*18,1*08:04*0,0*1004,8*00*1002,5*23
2019-11-11*1212E*ASTURIAS AEROPUERTO*ASTURIAS*127*11,1*2,1*8,5*21:34*13,7*Varias*99*3,9*15,0*Varias*0,1*1006,0*Varias*999,5*05
2019-11-12*1212E*ASTURIAS AEROPUERTO*ASTURIAS*127*10,8*44,3*8,8*00:45*12,8*11:19*25*3,3*9,7*00:02*1,1*1004,8*00*989,1*22
2019-11-13*1212E*ASTURIAS AEROPUERTO*ASTURIAS*127*10,6*34,9*7,6*23:23*13,5*18:29*29**22,2*20:49*1,2*999,6*Varias*990,4*00
2019-11-14*1212E*ASTURIAS AEROPUERTO*ASTURIAS*127*7,8*10,4*5,8*07:07*9,7*19:22*26*6,1*22,8*01:37*0,6*991,1*01*981,9*12
2019-11-15*1212E*ASTURIAS AEROPUERTO*ASTURIAS*127*8,4*20,3*6,4*19:18*10,4*13:56*99*4,4*16,1*Varias*0,2*996,4*Varias*988,9*02
2019-11-16*1212E*ASTURIAS AEROPUERTO*ASTURIAS*127*8,5*3,2*5,3*Varias*11,7*13:27*99*5,6*15,0*Varias*2,3*999,9*Varias*996,3*00
2019-11-17*1212E*ASTURIAS AEROPUERTO*ASTURIAS*127*10,2*17,9*8,5*Varias*12,0*13:28*99*6,4*20,0*Varias*0,7*999,7*Varias*994,1*05
2019-11-18*1212E*ASTURIAS AEROPUERTO*ASTURIAS*127*9,4*4,1*6,6*23:54*12,2*Varias*99*3,1*7,8*Varias*1,8*1004,3*Varias*999,7*00
2019-11-19*1212E*ASTURIAS AEROPUERTO*ASTURIAS*127*8,6*0,9*3,9*07:17*13,2*13:24*21*2,5*9,2*02:35*5,4*1002,9*00*994,6*24
2019-11-20*1212E*ASTURIAS AEROPUERTO*ASTURIAS*127*10,2*0,8*7,2*07:54*13,1*15:46*19*2,8*9,2*12:51*2,4*994,6*00*987,3*17
2019-11-21*1212E*ASTURIAS AEROPUERTO*ASTURIAS*127*11,3*2,7*7,6*06:52*15,0*14:03*23*5,0*12,8*12:44*8,1*988,9*Varias*984,8*24
2019-11-22*1212E*ASTURIAS AEROPUERTO*ASTURIAS*127*11,7*21,4*7,1*01:18*16,3*14:03*27*4,2*26,7*23:56*3,5*984,8*00*965,9*18
2019-11-23*1212E*ASTURIAS AEROPUERTO*ASTURIAS*127*10,4*17,9*9,1*08:33*11,7*08:21*28*9,7*30,3*01:09*1,5*995,8*Varias*971,3*00
2019-11-24*1212E*ASTURIAS AEROPUERTO*ASTURIAS*127*12,7*2,3*9,5*06:05*15,9*23:48*27*3,9*12,8*01:45*0,2*996,6*Varias*989,3*17
2019-11-25*1212E*ASTURIAS AEROPUERTO*ASTURIAS*127*13,1*0,0*10,4*18:30*15,8*00:54*29*5,8*12,8*06:38*1,1*996,2*Varias*990,2*00
2019-11-26*1212E*ASTURIAS AEROPUERTO*ASTURIAS*127*15,4*1,7*11,1*00:18*19,7*15:54*29*6,1*29,2*17:23*2,6*991,7*00*981,6*15
2019-11-27*1212E*ASTURIAS AEROPUERTO*ASTURIAS*127*13,2*0,5*11,0*20:00*15,5*11:16*99*4,7*16,1*Varias*0,0*993,2*Varias*986,6*00
2019-11-28*1212E*ASTURIAS AEROPUERTO*ASTURIAS*127*13,2*6,7*12,1*Varias*14,4*02:18*29*3,3*14,4*Varias*0,0*999,7*Varias*992,8*17
2019-11-29*1212E*ASTURIAS AEROPUERTO*ASTURIAS*127*12,9*6,8*9,6*Varias*16,2*11:44*20*2,8*9,7*22:17*7,7*1005,0*Varias*998,6*24
2019-11-30*1212E*ASTURIAS AEROPUERTO*ASTURIAS*127*12,4*3,1*8,8*23:58*16,0*13:33*28*5,8*17,5*05:54*3,2*999,6*Varias*994,5*24
2019-12-01*1212E*ASTURIAS AEROPUERTO*ASTURIAS*127*9,4*42,3*8,0*04:10*10,8*13:55*05*3,9*12,8*15:35*0,0*1005,0*Varias*993,3*03
2019-12-02*1212E*ASTURIAS AEROPUERTO*ASTURIAS*127*8,3*0,0*6,3*23:58*10,3*Varias*08*5,8*13,9*09:49*0,0*1010,5*Varias*1005,0*00
2019-12-03*1212E*ASTURIAS AEROPUERTO*ASTURIAS*127*6,6*0,0*3,0*23:58*10,3*12:19*10*3,9*10,3*12:17*7,4*1009,7*00*1000,0*24
2019-12-04*1212E*ASTURIAS AEROPUERTO*ASTURIAS*127*6,8*0,9*1,6*07:00*11,9*14:29*22*2,5*7,2*Varias*7,5*1005,4*Varias*998,1*05
2019-12-05*1212E*ASTURIAS AEROPUERTO*ASTURIAS*127*9,2*0,3*6,7*03:29*11,7*11:08*17*3,1*8,3*08:06*0,7*1009,2*Varias*1005,1*01
2019-12-06*1212E*ASTURIAS AEROPUERTO*ASTURIAS*127*10,0*0,0*7,0*05:57*12,9*15:34*23*2,8*8,9*08:21*1,5*1008,7*Varias*1006,4*14
2019-12-07*1212E*ASTURIAS AEROPUERTO*ASTURIAS*127*12,4*0,5*8,8*Varias*16,0*14:30*20*2,2*9,2*11:05*1,9*1008,5*Varias*1006,1*15
2019-12-08*1212E*ASTURIAS AEROPUERTO*ASTURIAS*127*11,8*5,5*8,8*23:44*14,7*05:40*31*5,6*13,3*11:59*0,0*1012,2*Varias*1004,5*06
2019-12-09*1212E*ASTURIAS AEROPUERTO*ASTURIAS*127*10,2*Ip*7,0*22:56*13,4*11:48*29*4,7*15,3*04:13*0,5*1017,6*Varias*1011,9*00
2019-12-10*1212E*ASTURIAS AEROPUERTO*ASTURIAS*127*10,6*15,2*5,0*05:04*16,1*22:11*23*3,3*12,5*21:51*1,0*1016,7*00*1003,9*24
2019-12-11*1212E*ASTURIAS AEROPUERTO*ASTURIAS*127*11,7*1,6*8,1*Varias*15,3*00:06*25*8,3*20,0*15:17*6,2*1010,0*Varias*1003,9*00
2019-12-12*1212E*ASTURIAS AEROPUERTO*ASTURIAS*127*11,9*19,7*9,7*09:39*14,1*Varias*28*10,0*23,6*16:35*0,0*1005,8*00*991,9*14
2019-12-13*1212E*ASTURIAS AEROPUERTO*ASTURIAS*127*14,6*0,1*13,2*05:52*16,1*10:56*26*8,3*23,6*03:41*0,1*998,4*Varias*992,3*02
2019-12-14*1212E*ASTURIAS AEROPUERTO*ASTURIAS*127*16,0*3,7*13,7*08:21*18,3*11:37*22*6,9*18,6*17:25*4,3*998,0*Varias*991,8*22
2019-12-15*1212E*ASTURIAS AEROPUERTO*ASTURIAS*127*13,6*29,5*9,6*Varias*17,5*01:04*25*1,7*15,3*00:09*0,0*994,4*Varias*988,7*24
2019-12-16*1212E*ASTURIAS AEROPUERTO*ASTURIAS*127*7,6*67,0*5,5*23:39*9,6*00:00*28*2,8*10,8*16:09*0,0*988,7*00*980,4*15
2019-12-17*1212E*ASTURIAS AEROPUERTO*ASTURIAS*127*7,4*Ip*4,3*23:46*10,6*14:39*99*3,9*9,2*Varias*2,0*995,5*Varias*984,8*00
2019-12-18*1212E*ASTURIAS AEROPUERTO*ASTURIAS*127*10,2*10,4*4,1*01:40*16,2*14:34*20*3,9*10,8*Varias*0,5*995,1*00*986,3*19
2019-12-19*1212E*ASTURIAS AEROPUERTO*ASTURIAS*127*11,2*10,1*8,4*23:59*13,9*13:07*29*2,8*19,7*22:41*0,5*987,2*00*971,5*21
2019-12-20*1212E*ASTURIAS AEROPUERTO*ASTURIAS*127*10,2*3,6*8,2*00:14*12,1*13:08*26*4,2*20,6*21:42*1,0*983,0*Varias*974,9*01
2019-12-21*1212E*ASTURIAS AEROPUERTO*ASTURIAS*127*13,4*8,9*8,3*00:25*18,6*10:35*27*10,3*30,0*22:47*1,7*987,6*Varias*974,6*09
2019-12-22*1212E*ASTURIAS AEROPUERTO*ASTURIAS*127*13,6*3,8*10,6*14:47*16,7*10:47*99*9,7*28,9*Varias*2,1*1006,5*Varias*987,5*00
2019-12-23*1212E*ASTURIAS AEROPUERTO*ASTURIAS*127*14,0*0,0*9,5*05:11*18,5*19:12*25*3,1*16,4*19:09*1,2*1007,8*Varias*1005,8*15
2019-12-24*1212E*ASTURIAS AEROPUERTO*ASTURIAS*127*14,8*0,0*10,5*20:18*19,2*10:43*27*2,8*9,7*04:05*7,2*1010,9*Varias*1007,1*01
2019-12-25*1212E*ASTURIAS AEROPUERTO*ASTURIAS*127*14,4*0,0*10,7*Varias*18,1*22:12*29*3,9*18,1*Varias*3,2*1009,0*00*1002,8*18
2019-12-26*1212E*ASTURIAS AEROPUERTO*ASTURIAS*127*10,3*0,0*5,9*19:03*14,7*12:51*99*3,1*13,9*Varias*8,0*1015,9*Varias*1007,4*00
2019-12-27*1212E*ASTURIAS AEROPUERTO*ASTURIAS*127*7,8*0,0*3,1*Varias*12,5*14:18*22*4,2*9,7*06:34*8,3*1015,7*Varias*1012,6*14
2019-12-28*1212E*ASTURIAS AEROPUERTO*ASTURIAS*127*8,2*0,0*2,2*03:50*14,2*14:14*99*2,5*9,2*Varias*7,7*1014,9*00*1012,6*04
2019-12-29*1212E*ASTURIAS AEROPUERTO*ASTURIAS*127*10,9*0,0*5,1*02:21*16,7*13:46*20*3,3*10,8*06:31*8,4*1014,2*Varias*1012,4*14
2019-12-30*1212E*ASTURIAS AEROPUERTO*ASTURIAS*127*10,7*0,0*5,8*05:39*15,6*12:33*22*3,3*9,7*10:48*8,4*1016,9*Varias*1013,3*02
2019-12-31*1212E*ASTURIAS AEROPUERTO*ASTURIAS*127*9,4*0,0*4,8*02:18*14,0*13:02*99*2,8*8,9*Varias*2,9*1018,0*Varias*1015,9*05
