<?xml version='1.0' encoding='UTF-8' ?>
<schemas xmlns='http://xml.netbeans.org/schema/JAXBWizConfig' destdir='build/generated-sources/jaxb' projectName='AD_20191112_JAXB_Ej3_Examen' version='1.0'>
	<schema type='-xmlschema' package='jaxb.diccionario' name='BindingDiccionario'>
		<xjc-options>
		</xjc-options>
		<schema-sources>
			<schema-source location='xml-resources/jaxb/BindingDiccionario/diccionario.xsd' origLocation='diccionario.xsd'/>
		</schema-sources>
		<bindings>
		</bindings>
		<catalog/>
	</schema>
</schemas>
