<?xml version='1.0' encoding='UTF-8' ?>
<schemas xmlns='http://xml.netbeans.org/schema/JAXBWizConfig' destdir='build/generated-sources/jaxb' projectName='ad_examen_jaxb_PabloHerrero' version='1.0'>
	<schema type='-xmlschema' package='jaxb.fitness' name='FitnessBind'>
		<xjc-options>
		</xjc-options>
		<schema-sources>
			<schema-source location='xml-resources/jaxb/FitnessBind/fitness2.xsd' origLocation='fitness2.xsd'/>
		</schema-sources>
		<bindings>
		</bindings>
		<catalog/>
	</schema>
</schemas>
