<?xml version='1.0' encoding='UTF-8' ?>
<schemas xmlns='http://xml.netbeans.org/schema/JAXBWizConfig' destdir='build/generated-sources/jaxb' projectName='ad_agenda_jaxb' version='1.0'>
	<schema type='-xmlschema' package='jaxb.agenda' name='AgendaBind'>
		<xjc-options>
		</xjc-options>
		<schema-sources>
			<schema-source location='xml-resources/jaxb/AgendaBind/esquemaAgenda_mio.xsd' origLocation='esquemaAgenda_mio.xsd'/>
		</schema-sources>
		<bindings>
		</bindings>
		<catalog/>
	</schema>
</schemas>
